x-axis,1,2
second,Volt,Volt
-1.00000E-06,-402.01005E-06,-201.00502E-06
-999.00E-09,-402.01005E-06,+0.0E+00
-998.00E-09,-402.01005E-06,+0.0E+00
-997.00E-09,-402.01005E-06,-0.0E+00
-996.00E-09,-402.01005E-06,-201.00502E-06
-995.00E-09,-402.01005E-06,-201.00502E-06
-994.00E-09,-402.01005E-06,-201.00502E-06
-993.00E-09,-402.01005E-06,-201.00502E-06
-992.00E-09,-402.01005E-06,-201.00502E-06
-991.00E-09,-402.01005E-06,-201.00502E-06
-990.00E-09,-603.01507E-06,-201.00502E-06
-989.00E-09,-603.01507E-06,-201.00502E-06
-988.00E-09,-603.01507E-06,-201.00502E-06
-987.00E-09,-603.01507E-06,-201.00502E-06
-986.00E-09,-402.01005E-06,-201.00502E-06
-985.00E-09,-402.01005E-06,-201.00502E-06
-984.00E-09,-402.01005E-06,-201.00502E-06
-983.00E-09,-201.00502E-06,-201.00502E-06
-982.00E-09,-201.00502E-06,+0.0E+00
-981.00E-09,-201.00502E-06,+0.0E+00
-980.00E-09,-201.00502E-06,+0.0E+00
-979.00E-09,-201.00502E-06,+0.0E+00
-978.00E-09,-402.01005E-06,+0.0E+00
-977.00E-09,-402.01005E-06,+0.0E+00
-976.00E-09,-402.01005E-06,+0.0E+00
-975.00E-09,-402.01005E-06,+0.0E+00
-974.00E-09,-402.01005E-06,+0.0E+00
-973.00E-09,-402.01005E-06,+0.0E+00
-972.00E-09,-201.00502E-06,+0.0E+00
-971.00E-09,-201.00502E-06,+0.0E+00
-970.00E-09,-201.00502E-06,+0.0E+00
-969.00E-09,-201.00502E-06,+0.0E+00
-968.00E-09,-201.00502E-06,+0.0E+00
-967.00E-09,-201.00502E-06,+0.0E+00
-966.00E-09,-201.00502E-06,+0.0E+00
-965.00E-09,-402.01005E-06,+0.0E+00
-964.00E-09,-402.01005E-06,+0.0E+00
-963.00E-09,-402.01005E-06,+0.0E+00
-962.00E-09,-402.01005E-06,+0.0E+00
-961.00E-09,-201.00502E-06,+0.0E+00
-960.00E-09,-201.00502E-06,+0.0E+00
-959.00E-09,-201.00502E-06,+0.0E+00
-958.00E-09,-201.00502E-06,+0.0E+00
-957.00E-09,-201.00502E-06,+0.0E+00
-956.00E-09,-201.00502E-06,+0.0E+00
-955.00E-09,-201.00502E-06,+0.0E+00
-954.00E-09,-201.00502E-06,+0.0E+00
-953.00E-09,-201.00502E-06,+0.0E+00
-952.00E-09,-402.01005E-06,+0.0E+00
-951.00E-09,-402.01005E-06,+0.0E+00
-950.00E-09,-402.01005E-06,+0.0E+00
-949.00E-09,-201.00502E-06,+0.0E+00
-948.00E-09,-201.00502E-06,+0.0E+00
-947.00E-09,-402.01005E-06,+0.0E+00
-946.00E-09,-402.01005E-06,+0.0E+00
-945.00E-09,-402.01005E-06,+0.0E+00
-944.00E-09,-402.01005E-06,+0.0E+00
-943.00E-09,-402.01005E-06,+0.0E+00
-942.00E-09,-402.01005E-06,-0.0E+00
-941.00E-09,-402.01005E-06,-201.00502E-06
-940.00E-09,-402.01005E-06,-201.00502E-06
-939.00E-09,-402.01005E-06,-201.00502E-06
-938.00E-09,-402.01005E-06,-201.00502E-06
-937.00E-09,-402.01005E-06,-201.00502E-06
-936.00E-09,-402.01005E-06,-201.00502E-06
-935.00E-09,-402.01005E-06,+0.0E+00
-934.00E-09,-603.01507E-06,+0.0E+00
-933.00E-09,-603.01507E-06,+0.0E+00
-932.00E-09,-603.01507E-06,+0.0E+00
-931.00E-09,-603.01507E-06,-0.0E+00
-930.00E-09,-603.01507E-06,-201.00502E-06
-929.00E-09,-603.01507E-06,-201.00502E-06
-928.00E-09,-402.01005E-06,-201.00502E-06
-927.00E-09,-402.01005E-06,-201.00502E-06
-926.00E-09,-402.01005E-06,-201.00502E-06
-925.00E-09,-402.01005E-06,+0.0E+00
-924.00E-09,-402.01005E-06,+0.0E+00
-923.00E-09,-402.01005E-06,+0.0E+00
-922.00E-09,-402.01005E-06,+0.0E+00
-921.00E-09,-402.01005E-06,+0.0E+00
-920.00E-09,-402.01005E-06,+0.0E+00
-919.00E-09,-603.01507E-06,+0.0E+00
-918.00E-09,-402.01005E-06,+0.0E+00
-917.00E-09,-402.01005E-06,+0.0E+00
-916.00E-09,-402.01005E-06,+0.0E+00
-915.00E-09,-402.01005E-06,+0.0E+00
-914.00E-09,-402.01005E-06,+0.0E+00
-913.00E-09,-402.01005E-06,+0.0E+00
-912.00E-09,-402.01005E-06,+0.0E+00
-911.00E-09,-402.01005E-06,+0.0E+00
-910.00E-09,-402.01005E-06,+0.0E+00
-909.00E-09,-402.01005E-06,+0.0E+00
-908.00E-09,-402.01005E-06,+0.0E+00
-907.00E-09,-402.01005E-06,+0.0E+00
-906.00E-09,-402.01005E-06,+0.0E+00
-905.00E-09,-402.01005E-06,+0.0E+00
-904.00E-09,-402.01005E-06,+0.0E+00
-903.00E-09,-201.00502E-06,+0.0E+00
-902.00E-09,-201.00502E-06,+0.0E+00
-901.00E-09,-201.00502E-06,+0.0E+00
-900.00E-09,-201.00502E-06,+0.0E+00
-899.00E-09,-201.00502E-06,+0.0E+00
-898.00E-09,-201.00502E-06,+201.00502E-06
-897.00E-09,-201.00502E-06,+201.00502E-06
-896.00E-09,-201.00502E-06,+201.00502E-06
-895.00E-09,-201.00502E-06,+201.00502E-06
-894.00E-09,-201.00502E-06,+201.00502E-06
-893.00E-09,-201.00502E-06,+201.00502E-06
-892.00E-09,-402.01005E-06,+0.0E+00
-891.00E-09,-402.01005E-06,+0.0E+00
-890.00E-09,-402.01005E-06,+0.0E+00
-889.00E-09,-402.01005E-06,+0.0E+00
-888.00E-09,-402.01005E-06,+0.0E+00
-887.00E-09,-402.01005E-06,+0.0E+00
-886.00E-09,-402.01005E-06,+201.00502E-06
-885.00E-09,-402.01005E-06,+201.00502E-06
-884.00E-09,-402.01005E-06,+201.00502E-06
-883.00E-09,-402.01005E-06,+0.0E+00
-882.00E-09,-201.00502E-06,+0.0E+00
-881.00E-09,-201.00502E-06,+0.0E+00
-880.00E-09,-201.00502E-06,+0.0E+00
-879.00E-09,-201.00502E-06,+0.0E+00
-878.00E-09,-201.00502E-06,+0.0E+00
-877.00E-09,-201.00502E-06,+0.0E+00
-876.00E-09,-201.00502E-06,+0.0E+00
-875.00E-09,-201.00502E-06,+0.0E+00
-874.00E-09,-201.00502E-06,+0.0E+00
-873.00E-09,-201.00502E-06,+0.0E+00
-872.00E-09,-201.00502E-06,+0.0E+00
-871.00E-09,-201.00502E-06,+0.0E+00
-870.00E-09,-201.00502E-06,+0.0E+00
-869.00E-09,-201.00502E-06,+0.0E+00
-868.00E-09,-201.00502E-06,+0.0E+00
-867.00E-09,-201.00502E-06,+0.0E+00
-866.00E-09,-402.01005E-06,+0.0E+00
-865.00E-09,-402.01005E-06,+0.0E+00
-864.00E-09,-201.00502E-06,+0.0E+00
-863.00E-09,-402.01005E-06,+0.0E+00
-862.00E-09,-402.01005E-06,+0.0E+00
-861.00E-09,-402.01005E-06,+0.0E+00
-860.00E-09,-201.00502E-06,+0.0E+00
-859.00E-09,-201.00502E-06,+0.0E+00
-858.00E-09,-201.00502E-06,+0.0E+00
-857.00E-09,-201.00502E-06,+0.0E+00
-856.00E-09,-201.00502E-06,+0.0E+00
-855.00E-09,-201.00502E-06,-0.0E+00
-854.00E-09,-201.00502E-06,-201.00502E-06
-853.00E-09,-402.01005E-06,-201.00502E-06
-852.00E-09,-402.01005E-06,-201.00502E-06
-851.00E-09,-402.01005E-06,+0.0E+00
-850.00E-09,-402.01005E-06,+0.0E+00
-849.00E-09,-402.01005E-06,+0.0E+00
-848.00E-09,-402.01005E-06,+0.0E+00
-847.00E-09,-402.01005E-06,+201.00502E-06
-846.00E-09,-402.01005E-06,+201.00502E-06
-845.00E-09,-402.01005E-06,+201.00502E-06
-844.00E-09,-402.01005E-06,+201.00502E-06
-843.00E-09,-402.01005E-06,+0.0E+00
-842.00E-09,-201.00502E-06,+0.0E+00
-841.00E-09,-201.00502E-06,+0.0E+00
-840.00E-09,-201.00502E-06,-201.00502E-06
-839.00E-09,-201.00502E-06,-201.00502E-06
-838.00E-09,-201.00502E-06,-201.00502E-06
-837.00E-09,-201.00502E-06,-201.00502E-06
-836.00E-09,-201.00502E-06,-201.00502E-06
-835.00E-09,-201.00502E-06,-0.0E+00
-834.00E-09,-402.01005E-06,+0.0E+00
-833.00E-09,-402.01005E-06,+0.0E+00
-832.00E-09,-402.01005E-06,+0.0E+00
-831.00E-09,-402.01005E-06,+0.0E+00
-830.00E-09,-402.01005E-06,+0.0E+00
-829.00E-09,-402.01005E-06,+0.0E+00
-828.00E-09,-402.01005E-06,+0.0E+00
-827.00E-09,-402.01005E-06,+0.0E+00
-826.00E-09,-402.01005E-06,+0.0E+00
-825.00E-09,-402.01005E-06,+201.00502E-06
-824.00E-09,-402.01005E-06,+201.00502E-06
-823.00E-09,-402.01005E-06,+0.0E+00
-822.00E-09,-402.01005E-06,+0.0E+00
-821.00E-09,-201.00502E-06,+0.0E+00
-820.00E-09,-402.01005E-06,+0.0E+00
-819.00E-09,-402.01005E-06,+0.0E+00
-818.00E-09,-402.01005E-06,+0.0E+00
-817.00E-09,-402.01005E-06,+0.0E+00
-816.00E-09,-201.00502E-06,+0.0E+00
-815.00E-09,-402.01005E-06,+201.00502E-06
-814.00E-09,-402.01005E-06,+201.00502E-06
-813.00E-09,-402.01005E-06,+201.00502E-06
-812.00E-09,-402.01005E-06,+0.0E+00
-811.00E-09,-402.01005E-06,+0.0E+00
-810.00E-09,-402.01005E-06,+0.0E+00
-809.00E-09,-402.01005E-06,+0.0E+00
-808.00E-09,-402.01005E-06,+0.0E+00
-807.00E-09,-402.01005E-06,+0.0E+00
-806.00E-09,-402.01005E-06,+0.0E+00
-805.00E-09,-402.01005E-06,+0.0E+00
-804.00E-09,-402.01005E-06,+0.0E+00
-803.00E-09,-402.01005E-06,+0.0E+00
-802.00E-09,-402.01005E-06,+0.0E+00
-801.00E-09,-201.00502E-06,+0.0E+00
-800.00E-09,-201.00502E-06,+0.0E+00
-799.00E-09,-201.00502E-06,+0.0E+00
-798.00E-09,-201.00502E-06,+0.0E+00
-797.00E-09,-201.00502E-06,+0.0E+00
-796.00E-09,-201.00502E-06,-201.00502E-06
-795.00E-09,-201.00502E-06,-201.00502E-06
-794.00E-09,-201.00502E-06,-201.00502E-06
-793.00E-09,-201.00502E-06,-201.00502E-06
-792.00E-09,-201.00502E-06,-201.00502E-06
-791.00E-09,-201.00502E-06,-0.0E+00
-790.00E-09,-402.01005E-06,+0.0E+00
-789.00E-09,-402.01005E-06,-201.00502E-06
-788.00E-09,-402.01005E-06,-201.00502E-06
-787.00E-09,-402.01005E-06,-201.00502E-06
-786.00E-09,-402.01005E-06,-201.00502E-06
-785.00E-09,-402.01005E-06,-201.00502E-06
-784.00E-09,-402.01005E-06,-201.00502E-06
-783.00E-09,-201.00502E-06,-201.00502E-06
-782.00E-09,-201.00502E-06,-201.00502E-06
-781.00E-09,-201.00502E-06,-201.00502E-06
-780.00E-09,-201.00502E-06,-201.00502E-06
-779.00E-09,-201.00502E-06,-201.00502E-06
-778.00E-09,-201.00502E-06,-201.00502E-06
-777.00E-09,-201.00502E-06,-0.0E+00
-776.00E-09,-201.00502E-06,+0.0E+00
-775.00E-09,-402.01005E-06,+0.0E+00
-774.00E-09,-402.01005E-06,+0.0E+00
-773.00E-09,-402.01005E-06,+0.0E+00
-772.00E-09,-402.01005E-06,+0.0E+00
-771.00E-09,-402.01005E-06,+0.0E+00
-770.00E-09,-402.01005E-06,+0.0E+00
-769.00E-09,-402.01005E-06,+0.0E+00
-768.00E-09,-603.01507E-06,+0.0E+00
-767.00E-09,-603.01507E-06,+0.0E+00
-766.00E-09,-603.01507E-06,+0.0E+00
-765.00E-09,-603.01507E-06,+0.0E+00
-764.00E-09,-603.01507E-06,+0.0E+00
-763.00E-09,-603.01507E-06,+0.0E+00
-762.00E-09,-402.01005E-06,+0.0E+00
-761.00E-09,-402.01005E-06,+0.0E+00
-760.00E-09,-201.00502E-06,+0.0E+00
-759.00E-09,-201.00502E-06,+0.0E+00
-758.00E-09,-201.00502E-06,+0.0E+00
-757.00E-09,-201.00502E-06,+0.0E+00
-756.00E-09,-201.00502E-06,+0.0E+00
-755.00E-09,-201.00502E-06,+0.0E+00
-754.00E-09,-402.01005E-06,+0.0E+00
-753.00E-09,-402.01005E-06,+0.0E+00
-752.00E-09,-402.01005E-06,+0.0E+00
-751.00E-09,-402.01005E-06,+0.0E+00
-750.00E-09,-402.01005E-06,+0.0E+00
-749.00E-09,-402.01005E-06,+0.0E+00
-748.00E-09,-402.01005E-06,+0.0E+00
-747.00E-09,-402.01005E-06,-201.00502E-06
-746.00E-09,-402.01005E-06,-201.00502E-06
-745.00E-09,-402.01005E-06,-201.00502E-06
-744.00E-09,-402.01005E-06,-201.00502E-06
-743.00E-09,-402.01005E-06,-201.00502E-06
-742.00E-09,-402.01005E-06,-201.00502E-06
-741.00E-09,-201.00502E-06,-0.0E+00
-740.00E-09,-402.01005E-06,+0.0E+00
-739.00E-09,-402.01005E-06,+0.0E+00
-738.00E-09,-402.01005E-06,+0.0E+00
-737.00E-09,-402.01005E-06,+0.0E+00
-736.00E-09,-402.01005E-06,+0.0E+00
-735.00E-09,-402.01005E-06,+0.0E+00
-734.00E-09,-402.01005E-06,-201.00502E-06
-733.00E-09,-402.01005E-06,-201.00502E-06
-732.00E-09,-402.01005E-06,-201.00502E-06
-731.00E-09,-402.01005E-06,-201.00502E-06
-730.00E-09,-402.01005E-06,-201.00502E-06
-729.00E-09,-402.01005E-06,-201.00502E-06
-728.00E-09,-402.01005E-06,-201.00502E-06
-727.00E-09,-603.01507E-06,-201.00502E-06
-726.00E-09,-603.01507E-06,-0.0E+00
-725.00E-09,-603.01507E-06,+0.0E+00
-724.00E-09,-603.01507E-06,+0.0E+00
-723.00E-09,-603.01507E-06,+0.0E+00
-722.00E-09,-603.01507E-06,+0.0E+00
-721.00E-09,-402.01005E-06,+0.0E+00
-720.00E-09,-402.01005E-06,-201.00502E-06
-719.00E-09,-402.01005E-06,-201.00502E-06
-718.00E-09,-402.01005E-06,-201.00502E-06
-717.00E-09,-402.01005E-06,-0.0E+00
-716.00E-09,-402.01005E-06,+0.0E+00
-715.00E-09,-402.01005E-06,+0.0E+00
-714.00E-09,-402.01005E-06,+0.0E+00
-713.00E-09,-402.01005E-06,+0.0E+00
-712.00E-09,-402.01005E-06,+0.0E+00
-711.00E-09,-402.01005E-06,+0.0E+00
-710.00E-09,-402.01005E-06,+0.0E+00
-709.00E-09,-402.01005E-06,+0.0E+00
-708.00E-09,-402.01005E-06,-201.00502E-06
-707.00E-09,-402.01005E-06,-0.0E+00
-706.00E-09,-201.00502E-06,+0.0E+00
-705.00E-09,-201.00502E-06,+0.0E+00
-704.00E-09,-201.00502E-06,+0.0E+00
-703.00E-09,-201.00502E-06,+0.0E+00
-702.00E-09,-201.00502E-06,+0.0E+00
-701.00E-09,-201.00502E-06,+0.0E+00
-700.00E-09,-402.01005E-06,+0.0E+00
-699.00E-09,-402.01005E-06,+0.0E+00
-698.00E-09,-402.01005E-06,+0.0E+00
-697.00E-09,-402.01005E-06,+0.0E+00
-696.00E-09,-402.01005E-06,+0.0E+00
-695.00E-09,-402.01005E-06,+0.0E+00
-694.00E-09,-402.01005E-06,+0.0E+00
-693.00E-09,-402.01005E-06,+0.0E+00
-692.00E-09,-402.01005E-06,+0.0E+00
-691.00E-09,-402.01005E-06,+0.0E+00
-690.00E-09,-402.01005E-06,+0.0E+00
-689.00E-09,-402.01005E-06,+0.0E+00
-688.00E-09,-402.01005E-06,+0.0E+00
-687.00E-09,-402.01005E-06,+0.0E+00
-686.00E-09,-402.01005E-06,+0.0E+00
-685.00E-09,-402.01005E-06,+0.0E+00
-684.00E-09,-402.01005E-06,+0.0E+00
-683.00E-09,-402.01005E-06,+0.0E+00
-682.00E-09,-402.01005E-06,+0.0E+00
-681.00E-09,-201.00502E-06,+0.0E+00
-680.00E-09,-201.00502E-06,+0.0E+00
-679.00E-09,-201.00502E-06,+0.0E+00
-678.00E-09,-201.00502E-06,+0.0E+00
-677.00E-09,-402.01005E-06,+0.0E+00
-676.00E-09,-402.01005E-06,+0.0E+00
-675.00E-09,-402.01005E-06,+0.0E+00
-674.00E-09,-402.01005E-06,+0.0E+00
-673.00E-09,-402.01005E-06,+0.0E+00
-672.00E-09,-402.01005E-06,+0.0E+00
-671.00E-09,-402.01005E-06,+0.0E+00
-670.00E-09,-402.01005E-06,+0.0E+00
-669.00E-09,-402.01005E-06,+0.0E+00
-668.00E-09,-402.01005E-06,+0.0E+00
-667.00E-09,-402.01005E-06,+0.0E+00
-666.00E-09,-402.01005E-06,+0.0E+00
-665.00E-09,-402.01005E-06,+0.0E+00
-664.00E-09,-402.01005E-06,+0.0E+00
-663.00E-09,-402.01005E-06,+0.0E+00
-662.00E-09,-402.01005E-06,+0.0E+00
-661.00E-09,-402.01005E-06,+0.0E+00
-660.00E-09,-402.01005E-06,+0.0E+00
-659.00E-09,-402.01005E-06,+0.0E+00
-658.00E-09,-402.01005E-06,+0.0E+00
-657.00E-09,-402.01005E-06,+0.0E+00
-656.00E-09,-402.01005E-06,+0.0E+00
-655.00E-09,-402.01005E-06,+0.0E+00
-654.00E-09,-402.01005E-06,+0.0E+00
-653.00E-09,-402.01005E-06,+0.0E+00
-652.00E-09,-402.01005E-06,+0.0E+00
-651.00E-09,-402.01005E-06,+0.0E+00
-650.00E-09,-402.01005E-06,+0.0E+00
-649.00E-09,-402.01005E-06,+0.0E+00
-648.00E-09,-402.01005E-06,+0.0E+00
-647.00E-09,-402.01005E-06,+0.0E+00
-646.00E-09,-402.01005E-06,+0.0E+00
-645.00E-09,-402.01005E-06,-201.00502E-06
-644.00E-09,-402.01005E-06,-201.00502E-06
-643.00E-09,-402.01005E-06,-201.00502E-06
-642.00E-09,-402.01005E-06,-201.00502E-06
-641.00E-09,-402.01005E-06,-201.00502E-06
-640.00E-09,-402.01005E-06,-201.00502E-06
-639.00E-09,-402.01005E-06,-201.00502E-06
-638.00E-09,-201.00502E-06,-201.00502E-06
-637.00E-09,-201.00502E-06,-201.00502E-06
-636.00E-09,-201.00502E-06,-0.0E+00
-635.00E-09,-402.01005E-06,+0.0E+00
-634.00E-09,-402.01005E-06,+0.0E+00
-633.00E-09,-402.01005E-06,+0.0E+00
-632.00E-09,-402.01005E-06,-201.00502E-06
-631.00E-09,-402.01005E-06,-201.00502E-06
-630.00E-09,-402.01005E-06,-201.00502E-06
-629.00E-09,-402.01005E-06,-201.00502E-06
-628.00E-09,-402.01005E-06,-201.00502E-06
-627.00E-09,-402.01005E-06,-0.0E+00
-626.00E-09,-402.01005E-06,+0.0E+00
-625.00E-09,-402.01005E-06,+0.0E+00
-624.00E-09,-402.01005E-06,+0.0E+00
-623.00E-09,-603.01507E-06,+0.0E+00
-622.00E-09,-603.01507E-06,+0.0E+00
-621.00E-09,-603.01507E-06,+0.0E+00
-620.00E-09,-603.01507E-06,+0.0E+00
-619.00E-09,-603.01507E-06,+0.0E+00
-618.00E-09,-603.01507E-06,+0.0E+00
-617.00E-09,-603.01507E-06,+0.0E+00
-616.00E-09,-603.01507E-06,+0.0E+00
-615.00E-09,-603.01507E-06,+0.0E+00
-614.00E-09,-402.01005E-06,+0.0E+00
-613.00E-09,-402.01005E-06,+0.0E+00
-612.00E-09,-402.01005E-06,+201.00502E-06
-611.00E-09,-402.01005E-06,+201.00502E-06
-610.00E-09,-402.01005E-06,+201.00502E-06
-609.00E-09,-201.00502E-06,+201.00502E-06
-608.00E-09,-402.01005E-06,+0.0E+00
-607.00E-09,-402.01005E-06,+0.0E+00
-606.00E-09,-402.01005E-06,+0.0E+00
-605.00E-09,-402.01005E-06,+0.0E+00
-604.00E-09,-402.01005E-06,+0.0E+00
-603.00E-09,-402.01005E-06,-201.00502E-06
-602.00E-09,-402.01005E-06,-201.00502E-06
-601.00E-09,-402.01005E-06,-201.00502E-06
-600.00E-09,-402.01005E-06,-201.00502E-06
-599.00E-09,-402.01005E-06,-201.00502E-06
-598.00E-09,-402.01005E-06,-201.00502E-06
-597.00E-09,-402.01005E-06,-201.00502E-06
-596.00E-09,-402.01005E-06,-201.00502E-06
-595.00E-09,-402.01005E-06,-201.00502E-06
-594.00E-09,-402.01005E-06,-201.00502E-06
-593.00E-09,-402.01005E-06,-0.0E+00
-592.00E-09,-402.01005E-06,-201.00502E-06
-591.00E-09,-402.01005E-06,-201.00502E-06
-590.00E-09,-402.01005E-06,-0.0E+00
-589.00E-09,-402.01005E-06,+0.0E+00
-588.00E-09,-402.01005E-06,+0.0E+00
-587.00E-09,-402.01005E-06,+0.0E+00
-586.00E-09,-402.01005E-06,+0.0E+00
-585.00E-09,-402.01005E-06,+0.0E+00
-584.00E-09,-402.01005E-06,-201.00502E-06
-583.00E-09,-603.01507E-06,-201.00502E-06
-582.00E-09,-603.01507E-06,-201.00502E-06
-581.00E-09,-603.01507E-06,-0.0E+00
-580.00E-09,-603.01507E-06,+0.0E+00
-579.00E-09,-603.01507E-06,+0.0E+00
-578.00E-09,-603.01507E-06,+0.0E+00
-577.00E-09,-603.01507E-06,+0.0E+00
-576.00E-09,-603.01507E-06,-201.00502E-06
-575.00E-09,-402.01005E-06,-201.00502E-06
-574.00E-09,-402.01005E-06,-201.00502E-06
-573.00E-09,-402.01005E-06,-201.00502E-06
-572.00E-09,-402.01005E-06,-0.0E+00
-571.00E-09,-402.01005E-06,+0.0E+00
-570.00E-09,-402.01005E-06,+0.0E+00
-569.00E-09,-603.01507E-06,+0.0E+00
-568.00E-09,-603.01507E-06,+0.0E+00
-567.00E-09,-603.01507E-06,+0.0E+00
-566.00E-09,-603.01507E-06,-201.00502E-06
-565.00E-09,-402.01005E-06,-201.00502E-06
-564.00E-09,-402.01005E-06,-201.00502E-06
-563.00E-09,-402.01005E-06,-0.0E+00
-562.00E-09,-402.01005E-06,+0.0E+00
-561.00E-09,-201.00502E-06,+0.0E+00
-560.00E-09,-201.00502E-06,+0.0E+00
-559.00E-09,-201.00502E-06,+0.0E+00
-558.00E-09,-201.00502E-06,+0.0E+00
-557.00E-09,-201.00502E-06,+0.0E+00
-556.00E-09,-201.00502E-06,+0.0E+00
-555.00E-09,-201.00502E-06,+0.0E+00
-554.00E-09,-201.00502E-06,-201.00502E-06
-553.00E-09,-201.00502E-06,-201.00502E-06
-552.00E-09,-201.00502E-06,-201.00502E-06
-551.00E-09,-402.01005E-06,-201.00502E-06
-550.00E-09,-402.01005E-06,-201.00502E-06
-549.00E-09,-402.01005E-06,-0.0E+00
-548.00E-09,-402.01005E-06,+0.0E+00
-547.00E-09,-402.01005E-06,+0.0E+00
-546.00E-09,-402.01005E-06,+0.0E+00
-545.00E-09,-402.01005E-06,+0.0E+00
-544.00E-09,-402.01005E-06,+0.0E+00
-543.00E-09,-201.00502E-06,+0.0E+00
-542.00E-09,-201.00502E-06,+0.0E+00
-541.00E-09,-201.00502E-06,+0.0E+00
-540.00E-09,-201.00502E-06,+0.0E+00
-539.00E-09,-201.00502E-06,+0.0E+00
-538.00E-09,-201.00502E-06,+0.0E+00
-537.00E-09,-402.01005E-06,+0.0E+00
-536.00E-09,-402.01005E-06,+0.0E+00
-535.00E-09,-402.01005E-06,-201.00502E-06
-534.00E-09,-402.01005E-06,-201.00502E-06
-533.00E-09,-402.01005E-06,-201.00502E-06
-532.00E-09,-402.01005E-06,-402.01005E-06
-531.00E-09,-402.01005E-06,-201.00502E-06
-530.00E-09,-402.01005E-06,-201.00502E-06
-529.00E-09,-402.01005E-06,-201.00502E-06
-528.00E-09,-201.00502E-06,-201.00502E-06
-527.00E-09,-201.00502E-06,-201.00502E-06
-526.00E-09,-201.00502E-06,-0.0E+00
-525.00E-09,-201.00502E-06,+0.0E+00
-524.00E-09,-201.00502E-06,+0.0E+00
-523.00E-09,-201.00502E-06,+201.00502E-06
-522.00E-09,-201.00502E-06,+201.00502E-06
-521.00E-09,-402.01005E-06,+201.00502E-06
-520.00E-09,-402.01005E-06,+0.0E+00
-519.00E-09,-402.01005E-06,+0.0E+00
-518.00E-09,-402.01005E-06,+0.0E+00
-517.00E-09,-201.00502E-06,-201.00502E-06
-516.00E-09,-201.00502E-06,-201.00502E-06
-515.00E-09,-201.00502E-06,-201.00502E-06
-514.00E-09,-201.00502E-06,-201.00502E-06
-513.00E-09,-201.00502E-06,-201.00502E-06
-512.00E-09,-201.00502E-06,-0.0E+00
-511.00E-09,-201.00502E-06,+0.0E+00
-510.00E-09,-201.00502E-06,+0.0E+00
-509.00E-09,-201.00502E-06,+0.0E+00
-508.00E-09,-201.00502E-06,+0.0E+00
-507.00E-09,-201.00502E-06,+0.0E+00
-506.00E-09,-201.00502E-06,+0.0E+00
-505.00E-09,-402.01005E-06,-201.00502E-06
-504.00E-09,-402.01005E-06,-201.00502E-06
-503.00E-09,-402.01005E-06,-201.00502E-06
-502.00E-09,-402.01005E-06,-201.00502E-06
-501.00E-09,-402.01005E-06,-201.00502E-06
-500.00E-09,-402.01005E-06,-201.00502E-06
-499.00E-09,-603.01507E-06,-201.00502E-06
-498.00E-09,-603.01507E-06,-0.0E+00
-497.00E-09,-402.01005E-06,+0.0E+00
-496.00E-09,-402.01005E-06,+0.0E+00
-495.00E-09,-402.01005E-06,+0.0E+00
-494.00E-09,-402.01005E-06,+0.0E+00
-493.00E-09,-201.00502E-06,+0.0E+00
-492.00E-09,-201.00502E-06,+0.0E+00
-491.00E-09,-201.00502E-06,-201.00502E-06
-490.00E-09,-201.00502E-06,-201.00502E-06
-489.00E-09,-201.00502E-06,-201.00502E-06
-488.00E-09,-201.00502E-06,-201.00502E-06
-487.00E-09,-201.00502E-06,-201.00502E-06
-486.00E-09,-201.00502E-06,-201.00502E-06
-485.00E-09,-402.01005E-06,-201.00502E-06
-484.00E-09,-402.01005E-06,-201.00502E-06
-483.00E-09,-402.01005E-06,-201.00502E-06
-482.00E-09,-402.01005E-06,-201.00502E-06
-481.00E-09,-402.01005E-06,-201.00502E-06
-480.00E-09,-402.01005E-06,-201.00502E-06
-479.00E-09,-402.01005E-06,-201.00502E-06
-478.00E-09,-402.01005E-06,-201.00502E-06
-477.00E-09,-402.01005E-06,-201.00502E-06
-476.00E-09,-402.01005E-06,-0.0E+00
-475.00E-09,-402.01005E-06,+0.0E+00
-474.00E-09,-402.01005E-06,+0.0E+00
-473.00E-09,-402.01005E-06,+0.0E+00
-472.00E-09,-402.01005E-06,-201.00502E-06
-471.00E-09,-201.00502E-06,-201.00502E-06
-470.00E-09,-201.00502E-06,-201.00502E-06
-469.00E-09,-201.00502E-06,-201.00502E-06
-468.00E-09,-201.00502E-06,-201.00502E-06
-467.00E-09,-402.01005E-06,-201.00502E-06
-466.00E-09,-402.01005E-06,-201.00502E-06
-465.00E-09,-402.01005E-06,-201.00502E-06
-464.00E-09,-402.01005E-06,-201.00502E-06
-463.00E-09,-402.01005E-06,-0.0E+00
-462.00E-09,-402.01005E-06,+0.0E+00
-461.00E-09,-402.01005E-06,+0.0E+00
-460.00E-09,-402.01005E-06,+0.0E+00
-459.00E-09,-402.01005E-06,+0.0E+00
-458.00E-09,-201.00502E-06,+0.0E+00
-457.00E-09,-201.00502E-06,+0.0E+00
-456.00E-09,-201.00502E-06,+0.0E+00
-455.00E-09,-402.01005E-06,+0.0E+00
-454.00E-09,-402.01005E-06,+0.0E+00
-453.00E-09,-402.01005E-06,+0.0E+00
-452.00E-09,-402.01005E-06,+0.0E+00
-451.00E-09,-402.01005E-06,+0.0E+00
-450.00E-09,-402.01005E-06,+0.0E+00
-449.00E-09,-402.01005E-06,+0.0E+00
-448.00E-09,-402.01005E-06,-201.00502E-06
-447.00E-09,-402.01005E-06,-201.00502E-06
-446.00E-09,-402.01005E-06,-201.00502E-06
-445.00E-09,-402.01005E-06,-0.0E+00
-444.00E-09,-402.01005E-06,+0.0E+00
-443.00E-09,-402.01005E-06,+0.0E+00
-442.00E-09,-402.01005E-06,+0.0E+00
-441.00E-09,-402.01005E-06,+0.0E+00
-440.00E-09,-402.01005E-06,+0.0E+00
-439.00E-09,-402.01005E-06,+0.0E+00
-438.00E-09,-402.01005E-06,+0.0E+00
-437.00E-09,-402.01005E-06,+0.0E+00
-436.00E-09,-402.01005E-06,+0.0E+00
-435.00E-09,-402.01005E-06,+0.0E+00
-434.00E-09,-402.01005E-06,+0.0E+00
-433.00E-09,-402.01005E-06,+0.0E+00
-432.00E-09,-402.01005E-06,+0.0E+00
-431.00E-09,-402.01005E-06,+0.0E+00
-430.00E-09,-201.00502E-06,+0.0E+00
-429.00E-09,-201.00502E-06,+0.0E+00
-428.00E-09,-201.00502E-06,+0.0E+00
-427.00E-09,-201.00502E-06,+0.0E+00
-426.00E-09,-201.00502E-06,+0.0E+00
-425.00E-09,-201.00502E-06,+0.0E+00
-424.00E-09,-402.01005E-06,+0.0E+00
-423.00E-09,-402.01005E-06,+0.0E+00
-422.00E-09,-603.01507E-06,+0.0E+00
-421.00E-09,-603.01507E-06,+0.0E+00
-420.00E-09,-603.01507E-06,+0.0E+00
-419.00E-09,-603.01507E-06,+0.0E+00
-418.00E-09,-402.01005E-06,+0.0E+00
-417.00E-09,-402.01005E-06,+0.0E+00
-416.00E-09,-402.01005E-06,+0.0E+00
-415.00E-09,-402.01005E-06,-201.00502E-06
-414.00E-09,-402.01005E-06,-201.00502E-06
-413.00E-09,-402.01005E-06,-201.00502E-06
-412.00E-09,-402.01005E-06,-201.00502E-06
-411.00E-09,-603.01507E-06,-0.0E+00
-410.00E-09,-603.01507E-06,+0.0E+00
-409.00E-09,-603.01507E-06,+0.0E+00
-408.00E-09,-603.01507E-06,+0.0E+00
-407.00E-09,-402.01005E-06,+0.0E+00
-406.00E-09,-402.01005E-06,+0.0E+00
-405.00E-09,-402.01005E-06,+0.0E+00
-404.00E-09,-201.00502E-06,+0.0E+00
-403.00E-09,-201.00502E-06,+0.0E+00
-402.00E-09,-201.00502E-06,+0.0E+00
-401.00E-09,-201.00502E-06,+0.0E+00
-400.00E-09,-402.01005E-06,+0.0E+00
-399.00E-09,-402.01005E-06,+0.0E+00
-398.00E-09,-402.01005E-06,+0.0E+00
-397.00E-09,-402.01005E-06,+0.0E+00
-396.00E-09,-402.01005E-06,+0.0E+00
-395.00E-09,-402.01005E-06,+0.0E+00
-394.00E-09,-201.00502E-06,+0.0E+00
-393.00E-09,-201.00502E-06,-201.00502E-06
-392.00E-09,-201.00502E-06,-201.00502E-06
-391.00E-09,-201.00502E-06,-201.00502E-06
-390.00E-09,-402.01005E-06,-201.00502E-06
-389.00E-09,-402.01005E-06,-201.00502E-06
-388.00E-09,-402.01005E-06,-201.00502E-06
-387.00E-09,-402.01005E-06,-201.00502E-06
-386.00E-09,-402.01005E-06,-201.00502E-06
-385.00E-09,-402.01005E-06,-201.00502E-06
-384.00E-09,-402.01005E-06,-201.00502E-06
-383.00E-09,-201.00502E-06,-201.00502E-06
-382.00E-09,-201.00502E-06,-201.00502E-06
-381.00E-09,-201.00502E-06,-0.0E+00
-380.00E-09,-402.01005E-06,+0.0E+00
-379.00E-09,-402.01005E-06,+0.0E+00
-378.00E-09,-402.01005E-06,+0.0E+00
-377.00E-09,-402.01005E-06,+0.0E+00
-376.00E-09,-402.01005E-06,+0.0E+00
-375.00E-09,-402.01005E-06,+0.0E+00
-374.00E-09,-402.01005E-06,+0.0E+00
-373.00E-09,-402.01005E-06,+0.0E+00
-372.00E-09,-201.00502E-06,-201.00502E-06
-371.00E-09,-201.00502E-06,-201.00502E-06
-370.00E-09,-201.00502E-06,-201.00502E-06
-369.00E-09,-402.01005E-06,-201.00502E-06
-368.00E-09,-402.01005E-06,-201.00502E-06
-367.00E-09,-402.01005E-06,-201.00502E-06
-366.00E-09,-402.01005E-06,-201.00502E-06
-365.00E-09,-402.01005E-06,-201.00502E-06
-364.00E-09,-402.01005E-06,-201.00502E-06
-363.00E-09,-402.01005E-06,-201.00502E-06
-362.00E-09,-402.01005E-06,-0.0E+00
-361.00E-09,-402.01005E-06,+0.0E+00
-360.00E-09,-402.01005E-06,+0.0E+00
-359.00E-09,-402.01005E-06,-201.00502E-06
-358.00E-09,-402.01005E-06,-201.00502E-06
-357.00E-09,-402.01005E-06,-201.00502E-06
-356.00E-09,-603.01507E-06,-0.0E+00
-355.00E-09,-603.01507E-06,+0.0E+00
-354.00E-09,-603.01507E-06,+0.0E+00
-353.00E-09,-603.01507E-06,+0.0E+00
-352.00E-09,-603.01507E-06,+201.00502E-06
-351.00E-09,-603.01507E-06,+0.0E+00
-350.00E-09,-603.01507E-06,+0.0E+00
-349.00E-09,-402.01005E-06,+0.0E+00
-348.00E-09,-402.01005E-06,-201.00502E-06
-347.00E-09,-402.01005E-06,-201.00502E-06
-346.00E-09,-402.01005E-06,-201.00502E-06
-345.00E-09,-402.01005E-06,-402.01005E-06
-344.00E-09,-402.01005E-06,-402.01005E-06
-343.00E-09,-402.01005E-06,-402.01005E-06
-342.00E-09,-402.01005E-06,-402.01005E-06
-341.00E-09,-402.01005E-06,-201.00502E-06
-340.00E-09,-402.01005E-06,-201.00502E-06
-339.00E-09,-201.00502E-06,-201.00502E-06
-338.00E-09,-201.00502E-06,-201.00502E-06
-337.00E-09,-201.00502E-06,-201.00502E-06
-336.00E-09,-201.00502E-06,-201.00502E-06
-335.00E-09,-402.01005E-06,-201.00502E-06
-334.00E-09,-402.01005E-06,-201.00502E-06
-333.00E-09,-402.01005E-06,-201.00502E-06
-332.00E-09,-402.01005E-06,-201.00502E-06
-331.00E-09,-402.01005E-06,-201.00502E-06
-330.00E-09,-402.01005E-06,-201.00502E-06
-329.00E-09,-402.01005E-06,-201.00502E-06
-328.00E-09,-402.01005E-06,-201.00502E-06
-327.00E-09,-402.01005E-06,-0.0E+00
-326.00E-09,-402.01005E-06,+0.0E+00
-325.00E-09,-402.01005E-06,+0.0E+00
-324.00E-09,-402.01005E-06,+0.0E+00
-323.00E-09,-402.01005E-06,+0.0E+00
-322.00E-09,-402.01005E-06,+0.0E+00
-321.00E-09,-402.01005E-06,+0.0E+00
-320.00E-09,-402.01005E-06,-201.00502E-06
-319.00E-09,-402.01005E-06,-201.00502E-06
-318.00E-09,-402.01005E-06,-201.00502E-06
-317.00E-09,-201.00502E-06,-201.00502E-06
-316.00E-09,-201.00502E-06,-0.0E+00
-315.00E-09,-201.00502E-06,+0.0E+00
-314.00E-09,-201.00502E-06,+0.0E+00
-313.00E-09,-201.00502E-06,+0.0E+00
-312.00E-09,-402.01005E-06,+0.0E+00
-311.00E-09,-402.01005E-06,+0.0E+00
-310.00E-09,-402.01005E-06,+0.0E+00
-309.00E-09,-402.01005E-06,+0.0E+00
-308.00E-09,-402.01005E-06,-201.00502E-06
-307.00E-09,-402.01005E-06,-201.00502E-06
-306.00E-09,-402.01005E-06,-201.00502E-06
-305.00E-09,-402.01005E-06,-0.0E+00
-304.00E-09,-402.01005E-06,+0.0E+00
-303.00E-09,-402.01005E-06,+0.0E+00
-302.00E-09,-402.01005E-06,+0.0E+00
-301.00E-09,-402.01005E-06,+0.0E+00
-300.00E-09,-402.01005E-06,+0.0E+00
-299.00E-09,-402.01005E-06,+0.0E+00
-298.00E-09,-201.00502E-06,+0.0E+00
-297.00E-09,-201.00502E-06,+0.0E+00
-296.00E-09,-201.00502E-06,+0.0E+00
-295.00E-09,-201.00502E-06,+0.0E+00
-294.00E-09,-201.00502E-06,+0.0E+00
-293.00E-09,-201.00502E-06,+0.0E+00
-292.00E-09,-201.00502E-06,+0.0E+00
-291.00E-09,-201.00502E-06,+0.0E+00
-290.00E-09,-402.01005E-06,+0.0E+00
-289.00E-09,-402.01005E-06,+0.0E+00
-288.00E-09,-402.01005E-06,+0.0E+00
-287.00E-09,-402.01005E-06,+0.0E+00
-286.00E-09,-402.01005E-06,+0.0E+00
-285.00E-09,-402.01005E-06,+0.0E+00
-284.00E-09,-402.01005E-06,+0.0E+00
-283.00E-09,-402.01005E-06,+0.0E+00
-282.00E-09,-402.01005E-06,+0.0E+00
-281.00E-09,-402.01005E-06,+0.0E+00
-280.00E-09,-402.01005E-06,+0.0E+00
-279.00E-09,-402.01005E-06,+0.0E+00
-278.00E-09,-402.01005E-06,-201.00502E-06
-277.00E-09,-402.01005E-06,-201.00502E-06
-276.00E-09,-402.01005E-06,-201.00502E-06
-275.00E-09,-402.01005E-06,-201.00502E-06
-274.00E-09,-402.01005E-06,-201.00502E-06
-273.00E-09,-402.01005E-06,-201.00502E-06
-272.00E-09,-402.01005E-06,-201.00502E-06
-271.00E-09,-402.01005E-06,-201.00502E-06
-270.00E-09,-603.01507E-06,-201.00502E-06
-269.00E-09,-603.01507E-06,-201.00502E-06
-268.00E-09,-402.01005E-06,-0.0E+00
-267.00E-09,-603.01507E-06,+0.0E+00
-266.00E-09,-603.01507E-06,+0.0E+00
-265.00E-09,-603.01507E-06,+0.0E+00
-264.00E-09,-603.01507E-06,-201.00502E-06
-263.00E-09,-603.01507E-06,-201.00502E-06
-262.00E-09,-603.01507E-06,-201.00502E-06
-261.00E-09,-603.01507E-06,-201.00502E-06
-260.00E-09,-603.01507E-06,-201.00502E-06
-259.00E-09,-603.01507E-06,-201.00502E-06
-258.00E-09,-603.01507E-06,-201.00502E-06
-257.00E-09,-603.01507E-06,-201.00502E-06
-256.00E-09,-603.01507E-06,-201.00502E-06
-255.00E-09,-603.01507E-06,-201.00502E-06
-254.00E-09,-603.01507E-06,-201.00502E-06
-253.00E-09,-402.01005E-06,-201.00502E-06
-252.00E-09,-402.01005E-06,-201.00502E-06
-251.00E-09,-402.01005E-06,-201.00502E-06
-250.00E-09,-402.01005E-06,-201.00502E-06
-249.00E-09,-402.01005E-06,-201.00502E-06
-248.00E-09,-201.00502E-06,-201.00502E-06
-247.00E-09,-201.00502E-06,-201.00502E-06
-246.00E-09,-402.01005E-06,-201.00502E-06
-245.00E-09,-402.01005E-06,-201.00502E-06
-244.00E-09,-402.01005E-06,-0.0E+00
-243.00E-09,-402.01005E-06,+0.0E+00
-242.00E-09,-603.01507E-06,+0.0E+00
-241.00E-09,-603.01507E-06,+0.0E+00
-240.00E-09,-603.01507E-06,+0.0E+00
-239.00E-09,-603.01507E-06,-201.00502E-06
-238.00E-09,-402.01005E-06,-201.00502E-06
-237.00E-09,-402.01005E-06,-201.00502E-06
-236.00E-09,-402.01005E-06,-201.00502E-06
-235.00E-09,-402.01005E-06,-201.00502E-06
-234.00E-09,-402.01005E-06,-0.0E+00
-233.00E-09,-402.01005E-06,+0.0E+00
-232.00E-09,-402.01005E-06,+0.0E+00
-231.00E-09,-402.01005E-06,+0.0E+00
-230.00E-09,-402.01005E-06,+0.0E+00
-229.00E-09,-402.01005E-06,+0.0E+00
-228.00E-09,-402.01005E-06,-201.00502E-06
-227.00E-09,-402.01005E-06,-201.00502E-06
-226.00E-09,-402.01005E-06,-201.00502E-06
-225.00E-09,-402.01005E-06,-201.00502E-06
-224.00E-09,-402.01005E-06,-201.00502E-06
-223.00E-09,-402.01005E-06,-201.00502E-06
-222.00E-09,-402.01005E-06,-0.0E+00
-221.00E-09,-201.00502E-06,+0.0E+00
-220.00E-09,-201.00502E-06,+0.0E+00
-219.00E-09,-201.00502E-06,+0.0E+00
-218.00E-09,-201.00502E-06,+0.0E+00
-217.00E-09,-201.00502E-06,+0.0E+00
-216.00E-09,-201.00502E-06,+0.0E+00
-215.00E-09,-201.00502E-06,+0.0E+00
-214.00E-09,-402.01005E-06,+0.0E+00
-213.00E-09,-402.01005E-06,+0.0E+00
-212.00E-09,-402.01005E-06,+0.0E+00
-211.00E-09,-402.01005E-06,+0.0E+00
-210.00E-09,-402.01005E-06,+0.0E+00
-209.00E-09,-402.01005E-06,+0.0E+00
-208.00E-09,-402.01005E-06,+0.0E+00
-207.00E-09,-402.01005E-06,+0.0E+00
-206.00E-09,-201.00502E-06,+0.0E+00
-205.00E-09,-402.01005E-06,+0.0E+00
-204.00E-09,-402.01005E-06,+0.0E+00
-203.00E-09,-402.01005E-06,+0.0E+00
-202.00E-09,-402.01005E-06,+0.0E+00
-201.00E-09,-402.01005E-06,+0.0E+00
-200.00E-09,-402.01005E-06,+0.0E+00
-199.00E-09,-402.01005E-06,+0.0E+00
-198.00E-09,-402.01005E-06,+0.0E+00
-197.00E-09,-402.01005E-06,+0.0E+00
-196.00E-09,-201.00502E-06,+0.0E+00
-195.00E-09,-201.00502E-06,+0.0E+00
-194.00E-09,-201.00502E-06,+0.0E+00
-193.00E-09,-201.00502E-06,+0.0E+00
-192.00E-09,-201.00502E-06,-201.00502E-06
-191.00E-09,-201.00502E-06,-201.00502E-06
-190.00E-09,-201.00502E-06,-0.0E+00
-189.00E-09,-201.00502E-06,+0.0E+00
-188.00E-09,-201.00502E-06,+0.0E+00
-187.00E-09,-201.00502E-06,+0.0E+00
-186.00E-09,-201.00502E-06,-201.00502E-06
-185.00E-09,-201.00502E-06,-201.00502E-06
-184.00E-09,-402.01005E-06,-201.00502E-06
-183.00E-09,-402.01005E-06,-201.00502E-06
-182.00E-09,-402.01005E-06,-201.00502E-06
-181.00E-09,-402.01005E-06,-201.00502E-06
-180.00E-09,-402.01005E-06,-201.00502E-06
-179.00E-09,-402.01005E-06,-201.00502E-06
-178.00E-09,-402.01005E-06,-0.0E+00
-177.00E-09,-402.01005E-06,+0.0E+00
-176.00E-09,-402.01005E-06,-201.00502E-06
-175.00E-09,-402.01005E-06,-201.00502E-06
-174.00E-09,-402.01005E-06,-201.00502E-06
-173.00E-09,-201.00502E-06,-201.00502E-06
-172.00E-09,-402.01005E-06,-201.00502E-06
-171.00E-09,-402.01005E-06,-201.00502E-06
-170.00E-09,-201.00502E-06,-201.00502E-06
-169.00E-09,-402.01005E-06,-201.00502E-06
-168.00E-09,-402.01005E-06,-201.00502E-06
-167.00E-09,-402.01005E-06,-0.0E+00
-166.00E-09,-402.01005E-06,+0.0E+00
-165.00E-09,-402.01005E-06,+0.0E+00
-164.00E-09,-402.01005E-06,+0.0E+00
-163.00E-09,-201.00502E-06,+0.0E+00
-162.00E-09,-201.00502E-06,+0.0E+00
-161.00E-09,-201.00502E-06,+0.0E+00
-160.00E-09,-201.00502E-06,+0.0E+00
-159.00E-09,-201.00502E-06,+0.0E+00
-158.00E-09,-201.00502E-06,+0.0E+00
-157.00E-09,-201.00502E-06,+0.0E+00
-156.00E-09,-402.01005E-06,+0.0E+00
-155.00E-09,-402.01005E-06,+0.0E+00
-154.00E-09,-402.01005E-06,+0.0E+00
-153.00E-09,-402.01005E-06,+0.0E+00
-152.00E-09,-402.01005E-06,+0.0E+00
-151.00E-09,-201.00502E-06,+0.0E+00
-150.00E-09,-201.00502E-06,+0.0E+00
-149.00E-09,-201.00502E-06,+0.0E+00
-148.00E-09,-201.00502E-06,+0.0E+00
-147.00E-09,-201.00502E-06,+0.0E+00
-146.00E-09,-201.00502E-06,-201.00502E-06
-145.00E-09,-201.00502E-06,-201.00502E-06
-144.00E-09,-402.01005E-06,-201.00502E-06
-143.00E-09,-402.01005E-06,-201.00502E-06
-142.00E-09,-402.01005E-06,-201.00502E-06
-141.00E-09,-402.01005E-06,-201.00502E-06
-140.00E-09,-402.01005E-06,-201.00502E-06
-139.00E-09,-402.01005E-06,-201.00502E-06
-138.00E-09,-402.01005E-06,-201.00502E-06
-137.00E-09,-402.01005E-06,-201.00502E-06
-136.00E-09,-402.01005E-06,-201.00502E-06
-135.00E-09,-402.01005E-06,-201.00502E-06
-134.00E-09,-402.01005E-06,-0.0E+00
-133.00E-09,-402.01005E-06,+0.0E+00
-132.00E-09,-402.01005E-06,+0.0E+00
-131.00E-09,-402.01005E-06,+0.0E+00
-130.00E-09,-402.01005E-06,+0.0E+00
-129.00E-09,-402.01005E-06,+0.0E+00
-128.00E-09,-201.00502E-06,+0.0E+00
-127.00E-09,-402.01005E-06,+0.0E+00
-126.00E-09,-402.01005E-06,+0.0E+00
-125.00E-09,-402.01005E-06,+0.0E+00
-124.00E-09,-402.01005E-06,+0.0E+00
-123.00E-09,-402.01005E-06,+0.0E+00
-122.00E-09,-402.01005E-06,-201.00502E-06
-121.00E-09,-402.01005E-06,-201.00502E-06
-120.00E-09,-402.01005E-06,-201.00502E-06
-119.00E-09,-402.01005E-06,-201.00502E-06
-118.00E-09,-402.01005E-06,-201.00502E-06
-117.00E-09,-201.00502E-06,-201.00502E-06
-116.00E-09,-201.00502E-06,-201.00502E-06
-115.00E-09,-201.00502E-06,-201.00502E-06
-114.00E-09,-402.01005E-06,-201.00502E-06
-113.00E-09,-402.01005E-06,-201.00502E-06
-112.00E-09,-402.01005E-06,-201.00502E-06
-111.00E-09,-402.01005E-06,-201.00502E-06
-110.00E-09,-402.01005E-06,-201.00502E-06
-109.00E-09,-402.01005E-06,-201.00502E-06
-108.00E-09,-201.00502E-06,-201.00502E-06
-107.00E-09,-201.00502E-06,-201.00502E-06
-106.00E-09,-402.01005E-06,-201.00502E-06
-105.00E-09,-402.01005E-06,-201.00502E-06
-104.00E-09,-402.01005E-06,-0.0E+00
-103.00E-09,-603.01507E-06,+0.0E+00
-102.00E-09,-603.01507E-06,+0.0E+00
-101.00E-09,-603.01507E-06,+0.0E+00
-100.00E-09,-603.01507E-06,+0.0E+00
-99.00E-09,-402.01005E-06,+0.0E+00
-98.00E-09,-402.01005E-06,+0.0E+00
-97.00E-09,-402.01005E-06,-201.00502E-06
-96.00E-09,-402.01005E-06,-201.00502E-06
-95.00E-09,-402.01005E-06,-201.00502E-06
-94.00E-09,-402.01005E-06,-201.00502E-06
-93.00E-09,-402.01005E-06,-201.00502E-06
-92.00E-09,-402.01005E-06,-201.00502E-06
-91.00E-09,-402.01005E-06,-201.00502E-06
-90.00E-09,-402.01005E-06,-201.00502E-06
-89.00E-09,-402.01005E-06,-201.00502E-06
-88.00E-09,-201.00502E-06,-0.0E+00
-87.00E-09,-201.00502E-06,+0.0E+00
-86.00E-09,-201.00502E-06,+0.0E+00
-85.00E-09,-201.00502E-06,+201.00502E-06
-84.00E-09,-402.01005E-06,+201.00502E-06
-83.00E-09,-402.01005E-06,+201.00502E-06
-82.00E-09,-402.01005E-06,+201.00502E-06
-81.00E-09,-402.01005E-06,+201.00502E-06
-80.00E-09,-402.01005E-06,+0.0E+00
-79.00E-09,-402.01005E-06,+0.0E+00
-78.00E-09,-201.00502E-06,+0.0E+00
-77.00E-09,-201.00502E-06,+0.0E+00
-76.00E-09,-201.00502E-06,-201.00502E-06
-75.00E-09,-201.00502E-06,-201.00502E-06
-74.00E-09,-201.00502E-06,-201.00502E-06
-73.00E-09,-402.01005E-06,-201.00502E-06
-72.00E-09,-402.01005E-06,-201.00502E-06
-71.00E-09,-402.01005E-06,-0.0E+00
-70.00E-09,-402.01005E-06,+0.0E+00
-69.00E-09,-603.01507E-06,+0.0E+00
-68.00E-09,-603.01507E-06,+0.0E+00
-67.00E-09,-402.01005E-06,+0.0E+00
-66.00E-09,-402.01005E-06,+0.0E+00
-65.00E-09,-402.01005E-06,+0.0E+00
-64.00E-09,-402.01005E-06,+0.0E+00
-63.00E-09,-402.01005E-06,+0.0E+00
-62.00E-09,-402.01005E-06,+0.0E+00
-61.00E-09,-402.01005E-06,+0.0E+00
-60.00E-09,-402.01005E-06,+0.0E+00
-59.00E-09,-402.01005E-06,+0.0E+00
-58.00E-09,-402.01005E-06,+0.0E+00
-57.00E-09,-402.01005E-06,+0.0E+00
-56.00E-09,-402.01005E-06,+0.0E+00
-55.00E-09,-402.01005E-06,+0.0E+00
-54.00E-09,-402.01005E-06,+201.00502E-06
-53.00E-09,-402.01005E-06,+201.00502E-06
-52.00E-09,-402.01005E-06,+201.00502E-06
-51.00E-09,-402.01005E-06,+201.00502E-06
-50.00E-09,-402.01005E-06,+0.0E+00
-49.00E-09,-402.01005E-06,+0.0E+00
-48.00E-09,-402.01005E-06,+0.0E+00
-47.00E-09,-402.01005E-06,+0.0E+00
-46.00E-09,-402.01005E-06,+0.0E+00
-45.00E-09,-402.01005E-06,+0.0E+00
-44.00E-09,-402.01005E-06,+0.0E+00
-43.00E-09,-402.01005E-06,+0.0E+00
-42.00E-09,-402.01005E-06,-201.00502E-06
-41.00E-09,-402.01005E-06,-201.00502E-06
-40.00E-09,-402.01005E-06,-201.00502E-06
-39.00E-09,-402.01005E-06,-201.00502E-06
-38.00E-09,-201.00502E-06,-201.00502E-06
-37.00E-09,-201.00502E-06,-201.00502E-06
-36.00E-09,-201.00502E-06,-201.00502E-06
-35.00E-09,-402.01005E-06,-201.00502E-06
-34.00E-09,-402.01005E-06,-201.00502E-06
-33.00E-09,-402.01005E-06,-201.00502E-06
-32.00E-09,-402.01005E-06,-201.00502E-06
-31.00E-09,-402.01005E-06,-201.00502E-06
-30.00E-09,-402.01005E-06,-201.00502E-06
-29.00E-09,-402.01005E-06,-201.00502E-06
-28.00E-09,-201.00502E-06,-0.0E+00
-27.00E-09,-402.01005E-06,+0.0E+00
-26.00E-09,-402.01005E-06,+0.0E+00
-25.00E-09,-402.01005E-06,+0.0E+00
-24.00E-09,-402.01005E-06,-201.00502E-06
-23.00E-09,-402.01005E-06,-201.00502E-06
-22.00E-09,-402.01005E-06,-201.00502E-06
-21.00E-09,-402.01005E-06,-201.00502E-06
-20.00E-09,-402.01005E-06,-201.00502E-06
-19.00E-09,-402.01005E-06,-0.0E+00
-18.00E-09,-402.01005E-06,+0.0E+00
-17.00E-09,-402.01005E-06,+0.0E+00
-16.00E-09,-402.01005E-06,+201.00502E-06
-15.00E-09,-402.01005E-06,+201.00502E-06
-14.00E-09,-402.01005E-06,+201.00502E-06
-13.00E-09,-603.01507E-06,+0.0E+00
-12.00E-09,-603.01507E-06,+0.0E+00
-11.00E-09,-804.02009E-06,+0.0E+00
-10.00E-09,-804.02009E-06,-201.00502E-06
-9.00E-09,-804.02009E-06,-402.01005E-06
-8.00E-09,-1.00502511E-03,-603.01507E-06
-7.00E-09,-1.20603014E-03,-1.20603014E-03
-6.00E-09,-1.80904521E-03,-1.80904521E-03
-5.00E-09,-2.41206028E-03,-2.81407032E-03
-4.00E-09,-3.21608037E-03,-4.02010046E-03
-3.00E-09,-4.02010046E-03,-5.62814064E-03
-2.00E-09,-4.82412055E-03,-7.23618083E-03
-1.00E-09,-5.42713562E-03,-8.84422101E-03
-0.0E+00,-5.82914567E-03,-10.05025115E-03
+1.00E-09,-6.03015069E-03,-11.05527626E-03
+2.00E-09,-6.03015069E-03,-11.45728631E-03
+3.00E-09,-5.62814064E-03,-11.25628129E-03
+4.00E-09,-5.02512557E-03,-10.45226119E-03
+5.00E-09,-4.22110548E-03,-9.24623106E-03
+6.00E-09,-3.61809041E-03,-7.83919590E-03
+7.00E-09,-2.81407032E-03,-6.43216074E-03
+8.00E-09,-2.21105525E-03,-5.02512557E-03
+9.00E-09,-1.80904521E-03,-3.81909544E-03
+10.00E-09,-1.60804018E-03,-2.81407032E-03
+11.00E-09,-1.40703516E-03,-2.01005023E-03
+12.00E-09,-1.40703516E-03,-1.40703516E-03
+13.00E-09,-1.40703516E-03,-1.00502511E-03
+14.00E-09,-1.80904521E-03,-804.02009E-06
+15.00E-09,-2.21105525E-03,-804.02009E-06
+16.00E-09,-2.61306530E-03,-1.00502511E-03
+17.00E-09,-3.21608037E-03,-1.20603014E-03
+18.00E-09,-3.81909544E-03,-1.60804018E-03
+19.00E-09,-4.42211051E-03,-2.41206028E-03
+20.00E-09,-5.02512557E-03,-3.21608037E-03
+21.00E-09,-5.22613060E-03,-4.42211051E-03
+22.00E-09,-5.22613060E-03,-5.62814064E-03
+23.00E-09,-5.22613060E-03,-7.03517580E-03
+24.00E-09,-4.82412055E-03,-8.24120594E-03
+25.00E-09,-4.22110548E-03,-9.24623106E-03
+26.00E-09,-3.61809041E-03,-9.84924613E-03
+27.00E-09,-3.01507534E-03,-10.25125617E-03
+28.00E-09,-2.41206028E-03,-9.84924613E-03
+29.00E-09,-2.01005023E-03,-9.04522603E-03
+30.00E-09,-1.60804018E-03,-8.04020092E-03
+31.00E-09,-1.40703516E-03,-6.63316576E-03
+32.00E-09,-1.40703516E-03,-5.42713562E-03
+33.00E-09,-1.40703516E-03,-4.22110548E-03
+34.00E-09,-1.60804018E-03,-3.01507534E-03
+35.00E-09,-2.01005023E-03,-2.21105525E-03
+36.00E-09,-2.41206028E-03,-1.60804018E-03
+37.00E-09,-2.81407032E-03,-1.20603014E-03
+38.00E-09,-3.41708539E-03,-1.00502511E-03
+39.00E-09,-3.81909544E-03,-804.02009E-06
+40.00E-09,-4.22110548E-03,-1.00502511E-03
+41.00E-09,-4.62311553E-03,-1.20603014E-03
+42.00E-09,-4.62311553E-03,-1.40703516E-03
+43.00E-09,-4.62311553E-03,-2.01005023E-03
+44.00E-09,-4.42211051E-03,-2.61306530E-03
+45.00E-09,-4.02010046E-03,-3.61809041E-03
+46.00E-09,-3.61809041E-03,-4.82412055E-03
+47.00E-09,-3.21608037E-03,-5.82914567E-03
+48.00E-09,-2.61306530E-03,-7.03517580E-03
+49.00E-09,-2.21105525E-03,-8.04020092E-03
+50.00E-09,-1.80904521E-03,-8.84422101E-03
+51.00E-09,-1.40703516E-03,-9.04522603E-03
+52.00E-09,-1.20603014E-03,-9.04522603E-03
+53.00E-09,-1.20603014E-03,-8.44221096E-03
+54.00E-09,-1.40703516E-03,-7.63819087E-03
+55.00E-09,-1.60804018E-03,-6.63316576E-03
+56.00E-09,-1.80904521E-03,-5.42713562E-03
+57.00E-09,-2.21105525E-03,-4.42211051E-03
+58.00E-09,-2.81407032E-03,-3.21608037E-03
+59.00E-09,-3.21608037E-03,-2.41206028E-03
+60.00E-09,-3.61809041E-03,-1.60804018E-03
+61.00E-09,-3.81909544E-03,-1.20603014E-03
+62.00E-09,-4.02010046E-03,-804.02009E-06
+63.00E-09,-4.02010046E-03,-804.02009E-06
+64.00E-09,-4.02010046E-03,-804.02009E-06
+65.00E-09,-3.61809041E-03,-1.00502511E-03
+66.00E-09,-3.41708539E-03,-1.40703516E-03
+67.00E-09,-3.01507534E-03,-1.80904521E-03
+68.00E-09,-2.41206028E-03,-2.41206028E-03
+69.00E-09,-2.21105525E-03,-3.01507534E-03
+70.00E-09,-1.80904521E-03,-3.81909544E-03
+71.00E-09,-1.40703516E-03,-4.62311553E-03
+72.00E-09,-1.40703516E-03,-5.62814064E-03
+73.00E-09,-1.20603014E-03,-6.43216074E-03
+74.00E-09,-1.40703516E-03,-7.23618083E-03
+75.00E-09,-1.60804018E-03,-7.63819087E-03
+76.00E-09,-1.80904521E-03,-7.83919590E-03
+77.00E-09,-2.21105525E-03,-7.83919590E-03
+78.00E-09,-2.61306530E-03,-7.43718585E-03
+79.00E-09,-2.81407032E-03,-6.83417078E-03
+80.00E-09,-3.21608037E-03,-6.03015069E-03
+81.00E-09,-3.41708539E-03,-5.02512557E-03
+82.00E-09,-3.61809041E-03,-4.02010046E-03
+83.00E-09,-3.61809041E-03,-3.21608037E-03
+84.00E-09,-3.61809041E-03,-2.41206028E-03
+85.00E-09,-3.41708539E-03,-1.80904521E-03
+86.00E-09,-3.01507534E-03,-1.40703516E-03
+87.00E-09,-2.81407032E-03,-1.20603014E-03
+88.00E-09,-2.41206028E-03,-1.40703516E-03
+89.00E-09,-2.01005023E-03,-1.60804018E-03
+90.00E-09,-1.80904521E-03,-1.80904521E-03
+91.00E-09,-1.60804018E-03,-2.21105525E-03
+92.00E-09,-1.40703516E-03,-2.81407032E-03
+93.00E-09,-1.40703516E-03,-3.21608037E-03
+94.00E-09,-1.20603014E-03,-3.81909544E-03
+95.00E-09,-1.40703516E-03,-4.62311553E-03
+96.00E-09,-1.60804018E-03,-5.22613060E-03
+97.00E-09,-1.80904521E-03,-5.82914567E-03
+98.00E-09,-2.01005023E-03,-6.43216074E-03
+99.00E-09,-2.41206028E-03,-6.83417078E-03
+100.00E-09,-2.61306530E-03,-7.03517580E-03
+101.00E-09,-2.81407032E-03,-7.03517580E-03
+102.00E-09,-3.01507534E-03,-6.83417078E-03
+103.00E-09,-3.21608037E-03,-6.23115571E-03
+104.00E-09,-3.21608037E-03,-5.62814064E-03
+105.00E-09,-3.01507534E-03,-4.82412055E-03
+106.00E-09,-3.01507534E-03,-4.02010046E-03
+107.00E-09,-2.61306530E-03,-3.21608037E-03
+108.00E-09,-2.41206028E-03,-2.61306530E-03
+109.00E-09,-2.21105525E-03,-2.01005023E-03
+110.00E-09,-1.80904521E-03,-1.60804018E-03
+111.00E-09,-1.60804018E-03,-1.40703516E-03
+112.00E-09,-1.40703516E-03,-1.40703516E-03
+113.00E-09,-1.20603014E-03,-1.40703516E-03
+114.00E-09,-1.00502511E-03,-1.60804018E-03
+115.00E-09,-1.20603014E-03,-2.01005023E-03
+116.00E-09,-1.40703516E-03,-2.41206028E-03
+117.00E-09,-1.60804018E-03,-2.81407032E-03
+118.00E-09,-1.80904521E-03,-3.41708539E-03
+119.00E-09,-2.01005023E-03,-4.02010046E-03
+120.00E-09,-2.21105525E-03,-4.62311553E-03
+121.00E-09,-2.41206028E-03,-5.22613060E-03
+122.00E-09,-2.61306530E-03,-5.82914567E-03
+123.00E-09,-2.61306530E-03,-6.23115571E-03
+124.00E-09,-2.61306530E-03,-6.43216074E-03
+125.00E-09,-2.61306530E-03,-6.63316576E-03
+126.00E-09,-2.61306530E-03,-6.43216074E-03
+127.00E-09,-2.41206028E-03,-6.23115571E-03
+128.00E-09,-2.21105525E-03,-5.62814064E-03
+129.00E-09,-2.01005023E-03,-4.82412055E-03
+130.00E-09,-1.60804018E-03,-4.22110548E-03
+131.00E-09,-1.40703516E-03,-3.41708539E-03
+132.00E-09,-1.20603014E-03,-2.61306530E-03
+133.00E-09,-1.00502511E-03,-2.01005023E-03
+134.00E-09,-1.00502511E-03,-1.60804018E-03
+135.00E-09,-1.00502511E-03,-1.40703516E-03
+136.00E-09,-1.20603014E-03,-1.20603014E-03
+137.00E-09,-1.20603014E-03,-1.20603014E-03
+138.00E-09,-1.40703516E-03,-1.40703516E-03
+139.00E-09,-1.60804018E-03,-1.80904521E-03
+140.00E-09,-1.80904521E-03,-2.01005023E-03
+141.00E-09,-2.01005023E-03,-2.41206028E-03
+142.00E-09,-2.21105525E-03,-3.01507534E-03
+143.00E-09,-2.41206028E-03,-3.41708539E-03
+144.00E-09,-2.41206028E-03,-4.02010046E-03
+145.00E-09,-2.41206028E-03,-4.42211051E-03
+146.00E-09,-2.41206028E-03,-5.02512557E-03
+147.00E-09,-2.41206028E-03,-5.42713562E-03
+148.00E-09,-2.21105525E-03,-5.62814064E-03
+149.00E-09,-2.01005023E-03,-5.82914567E-03
+150.00E-09,-2.01005023E-03,-5.82914567E-03
+151.00E-09,-1.80904521E-03,-5.62814064E-03
+152.00E-09,-1.60804018E-03,-5.42713562E-03
+153.00E-09,-1.40703516E-03,-5.02512557E-03
+154.00E-09,-1.20603014E-03,-4.42211051E-03
+155.00E-09,-1.20603014E-03,-3.81909544E-03
+156.00E-09,-1.20603014E-03,-3.21608037E-03
+157.00E-09,-1.20603014E-03,-2.61306530E-03
+158.00E-09,-1.40703516E-03,-2.01005023E-03
+159.00E-09,-1.40703516E-03,-1.60804018E-03
+160.00E-09,-1.60804018E-03,-1.40703516E-03
+161.00E-09,-1.80904521E-03,-1.40703516E-03
+162.00E-09,-2.01005023E-03,-1.40703516E-03
+163.00E-09,-2.21105525E-03,-1.60804018E-03
+164.00E-09,-2.41206028E-03,-1.80904521E-03
+165.00E-09,-2.41206028E-03,-2.21105525E-03
+166.00E-09,-2.41206028E-03,-2.61306530E-03
+167.00E-09,-2.21105525E-03,-3.01507534E-03
+168.00E-09,-2.01005023E-03,-3.41708539E-03
+169.00E-09,-1.80904521E-03,-4.02010046E-03
+170.00E-09,-1.60804018E-03,-4.42211051E-03
+171.00E-09,-1.40703516E-03,-4.82412055E-03
+172.00E-09,-1.20603014E-03,-5.02512557E-03
+173.00E-09,-1.20603014E-03,-5.22613060E-03
+174.00E-09,-1.00502511E-03,-5.22613060E-03
+175.00E-09,-1.00502511E-03,-5.22613060E-03
+176.00E-09,-1.20603014E-03,-5.02512557E-03
+177.00E-09,-1.20603014E-03,-4.62311553E-03
+178.00E-09,-1.20603014E-03,-4.22110548E-03
+179.00E-09,-1.40703516E-03,-3.81909544E-03
+180.00E-09,-1.60804018E-03,-3.21608037E-03
+181.00E-09,-1.80904521E-03,-2.61306530E-03
+182.00E-09,-1.80904521E-03,-2.21105525E-03
+183.00E-09,-2.01005023E-03,-1.80904521E-03
+184.00E-09,-2.01005023E-03,-1.40703516E-03
+185.00E-09,-2.01005023E-03,-1.20603014E-03
+186.00E-09,-2.01005023E-03,-1.20603014E-03
+187.00E-09,-2.01005023E-03,-1.40703516E-03
+188.00E-09,-2.01005023E-03,-1.60804018E-03
+189.00E-09,-1.80904521E-03,-2.01005023E-03
+190.00E-09,-1.80904521E-03,-2.21105525E-03
+191.00E-09,-1.60804018E-03,-2.61306530E-03
+192.00E-09,-1.40703516E-03,-3.01507534E-03
+193.00E-09,-1.40703516E-03,-3.41708539E-03
+194.00E-09,-1.20603014E-03,-3.81909544E-03
+195.00E-09,-1.20603014E-03,-4.02010046E-03
+196.00E-09,-1.20603014E-03,-4.42211051E-03
+197.00E-09,-1.20603014E-03,-4.42211051E-03
+198.00E-09,-1.20603014E-03,-4.62311553E-03
+199.00E-09,-1.40703516E-03,-4.62311553E-03
+200.00E-09,-1.40703516E-03,-4.42211051E-03
+201.00E-09,-1.60804018E-03,-4.22110548E-03
+202.00E-09,-1.60804018E-03,-4.02010046E-03
+203.00E-09,-1.60804018E-03,-3.61809041E-03
+204.00E-09,-1.80904521E-03,-3.21608037E-03
+205.00E-09,-1.80904521E-03,-2.61306530E-03
+206.00E-09,-1.80904521E-03,-2.21105525E-03
+207.00E-09,-1.80904521E-03,-2.01005023E-03
+208.00E-09,-1.60804018E-03,-1.60804018E-03
+209.00E-09,-1.60804018E-03,-1.40703516E-03
+210.00E-09,-1.60804018E-03,-1.20603014E-03
+211.00E-09,-1.40703516E-03,-1.20603014E-03
+212.00E-09,-1.40703516E-03,-1.40703516E-03
+213.00E-09,-1.20603014E-03,-1.60804018E-03
+214.00E-09,-1.20603014E-03,-1.80904521E-03
+215.00E-09,-1.20603014E-03,-2.21105525E-03
+216.00E-09,-1.00502511E-03,-2.41206028E-03
+217.00E-09,-1.00502511E-03,-2.81407032E-03
+218.00E-09,-1.20603014E-03,-3.21608037E-03
+219.00E-09,-1.20603014E-03,-3.41708539E-03
+220.00E-09,-1.20603014E-03,-3.61809041E-03
+221.00E-09,-1.40703516E-03,-3.81909544E-03
+222.00E-09,-1.40703516E-03,-4.02010046E-03
+223.00E-09,-1.60804018E-03,-4.02010046E-03
+224.00E-09,-1.60804018E-03,-4.02010046E-03
+225.00E-09,-1.60804018E-03,-4.02010046E-03
+226.00E-09,-1.60804018E-03,-3.61809041E-03
+227.00E-09,-1.60804018E-03,-3.41708539E-03
+228.00E-09,-1.60804018E-03,-3.01507534E-03
+229.00E-09,-1.40703516E-03,-2.61306530E-03
+230.00E-09,-1.40703516E-03,-2.41206028E-03
+231.00E-09,-1.20603014E-03,-2.01005023E-03
+232.00E-09,-1.20603014E-03,-1.80904521E-03
+233.00E-09,-1.20603014E-03,-1.60804018E-03
+234.00E-09,-1.00502511E-03,-1.40703516E-03
+235.00E-09,-1.00502511E-03,-1.20603014E-03
+236.00E-09,-804.02009E-06,-1.20603014E-03
+237.00E-09,-804.02009E-06,-1.40703516E-03
+238.00E-09,-804.02009E-06,-1.60804018E-03
+239.00E-09,-804.02009E-06,-1.80904521E-03
+240.00E-09,-804.02009E-06,-2.01005023E-03
+241.00E-09,-1.00502511E-03,-2.21105525E-03
+242.00E-09,-1.00502511E-03,-2.61306530E-03
+243.00E-09,-1.20603014E-03,-2.81407032E-03
+244.00E-09,-1.40703516E-03,-3.01507534E-03
+245.00E-09,-1.40703516E-03,-3.21608037E-03
+246.00E-09,-1.60804018E-03,-3.41708539E-03
+247.00E-09,-1.60804018E-03,-3.41708539E-03
+248.00E-09,-1.60804018E-03,-3.41708539E-03
+249.00E-09,-1.60804018E-03,-3.41708539E-03
+250.00E-09,-1.60804018E-03,-3.21608037E-03
+251.00E-09,-1.40703516E-03,-3.01507534E-03
+252.00E-09,-1.40703516E-03,-2.81407032E-03
+253.00E-09,-1.40703516E-03,-2.41206028E-03
+254.00E-09,-1.20603014E-03,-2.21105525E-03
+255.00E-09,-1.20603014E-03,-1.80904521E-03
+256.00E-09,-1.00502511E-03,-1.60804018E-03
+257.00E-09,-1.00502511E-03,-1.40703516E-03
+258.00E-09,-1.00502511E-03,-1.20603014E-03
+259.00E-09,-1.00502511E-03,-1.00502511E-03
+260.00E-09,-1.00502511E-03,-1.00502511E-03
+261.00E-09,-1.00502511E-03,-1.00502511E-03
+262.00E-09,-1.20603014E-03,-1.20603014E-03
+263.00E-09,-1.20603014E-03,-1.40703516E-03
+264.00E-09,-1.40703516E-03,-1.60804018E-03
+265.00E-09,-1.40703516E-03,-1.80904521E-03
+266.00E-09,-1.40703516E-03,-2.21105525E-03
+267.00E-09,-1.40703516E-03,-2.41206028E-03
+268.00E-09,-1.40703516E-03,-2.61306530E-03
+269.00E-09,-1.20603014E-03,-2.81407032E-03
+270.00E-09,-1.20603014E-03,-2.81407032E-03
+271.00E-09,-1.20603014E-03,-2.81407032E-03
+272.00E-09,-1.20603014E-03,-3.01507534E-03
+273.00E-09,-1.00502511E-03,-2.81407032E-03
+274.00E-09,-1.00502511E-03,-2.81407032E-03
+275.00E-09,-1.00502511E-03,-2.81407032E-03
+276.00E-09,-804.02009E-06,-2.61306530E-03
+277.00E-09,-804.02009E-06,-2.21105525E-03
+278.00E-09,-804.02009E-06,-2.01005023E-03
+279.00E-09,-804.02009E-06,-1.80904521E-03
+280.00E-09,-804.02009E-06,-1.40703516E-03
+281.00E-09,-1.00502511E-03,-1.20603014E-03
+282.00E-09,-1.00502511E-03,-1.00502511E-03
+283.00E-09,-1.20603014E-03,-804.02009E-06
+284.00E-09,-1.20603014E-03,-804.02009E-06
+285.00E-09,-1.20603014E-03,-804.02009E-06
+286.00E-09,-1.20603014E-03,-1.00502511E-03
+287.00E-09,-1.20603014E-03,-1.20603014E-03
+288.00E-09,-1.20603014E-03,-1.40703516E-03
+289.00E-09,-1.20603014E-03,-1.60804018E-03
+290.00E-09,-1.20603014E-03,-1.80904521E-03
+291.00E-09,-1.00502511E-03,-2.01005023E-03
+292.00E-09,-1.00502511E-03,-2.41206028E-03
+293.00E-09,-1.00502511E-03,-2.41206028E-03
+294.00E-09,-1.00502511E-03,-2.61306530E-03
+295.00E-09,-1.00502511E-03,-2.81407032E-03
+296.00E-09,-1.00502511E-03,-2.81407032E-03
+297.00E-09,-1.00502511E-03,-2.61306530E-03
+298.00E-09,-1.00502511E-03,-2.61306530E-03
+299.00E-09,-1.00502511E-03,-2.41206028E-03
+300.00E-09,-1.00502511E-03,-2.21105525E-03
+301.00E-09,-1.00502511E-03,-2.01005023E-03
+302.00E-09,-1.00502511E-03,-1.80904521E-03
+303.00E-09,-1.00502511E-03,-1.60804018E-03
+304.00E-09,-1.00502511E-03,-1.40703516E-03
+305.00E-09,-1.20603014E-03,-1.20603014E-03
+306.00E-09,-1.20603014E-03,-1.20603014E-03
+307.00E-09,-1.20603014E-03,-1.00502511E-03
+308.00E-09,-1.20603014E-03,-804.02009E-06
+309.00E-09,-1.20603014E-03,-804.02009E-06
+310.00E-09,-1.20603014E-03,-1.00502511E-03
+311.00E-09,-1.00502511E-03,-1.00502511E-03
+312.00E-09,-1.00502511E-03,-1.20603014E-03
+313.00E-09,-1.00502511E-03,-1.40703516E-03
+314.00E-09,-1.00502511E-03,-1.60804018E-03
+315.00E-09,-804.02009E-06,-1.80904521E-03
+316.00E-09,-804.02009E-06,-2.01005023E-03
+317.00E-09,-804.02009E-06,-2.21105525E-03
+318.00E-09,-603.01507E-06,-2.21105525E-03
+319.00E-09,-603.01507E-06,-2.41206028E-03
+320.00E-09,-603.01507E-06,-2.41206028E-03
+321.00E-09,-804.02009E-06,-2.41206028E-03
+322.00E-09,-804.02009E-06,-2.41206028E-03
+323.00E-09,-804.02009E-06,-2.41206028E-03
+324.00E-09,-1.00502511E-03,-2.21105525E-03
+325.00E-09,-1.00502511E-03,-2.01005023E-03
+326.00E-09,-1.00502511E-03,-1.80904521E-03
+327.00E-09,-1.00502511E-03,-1.60804018E-03
+328.00E-09,-1.00502511E-03,-1.40703516E-03
+329.00E-09,-1.00502511E-03,-1.20603014E-03
+330.00E-09,-1.00502511E-03,-1.00502511E-03
+331.00E-09,-1.00502511E-03,-1.00502511E-03
+332.00E-09,-1.00502511E-03,-804.02009E-06
+333.00E-09,-1.00502511E-03,-804.02009E-06
+334.00E-09,-1.00502511E-03,-804.02009E-06
+335.00E-09,-804.02009E-06,-1.00502511E-03
+336.00E-09,-804.02009E-06,-1.00502511E-03
+337.00E-09,-804.02009E-06,-1.20603014E-03
+338.00E-09,-804.02009E-06,-1.40703516E-03
+339.00E-09,-804.02009E-06,-1.60804018E-03
+340.00E-09,-804.02009E-06,-1.80904521E-03
+341.00E-09,-804.02009E-06,-1.80904521E-03
+342.00E-09,-804.02009E-06,-2.01005023E-03
+343.00E-09,-804.02009E-06,-2.21105525E-03
+344.00E-09,-1.00502511E-03,-2.21105525E-03
+345.00E-09,-1.00502511E-03,-2.21105525E-03
+346.00E-09,-1.00502511E-03,-2.21105525E-03
+347.00E-09,-1.00502511E-03,-2.21105525E-03
+348.00E-09,-1.00502511E-03,-2.01005023E-03
+349.00E-09,-1.00502511E-03,-2.01005023E-03
+350.00E-09,-1.00502511E-03,-2.01005023E-03
+351.00E-09,-1.00502511E-03,-1.80904521E-03
+352.00E-09,-1.00502511E-03,-1.60804018E-03
+353.00E-09,-1.00502511E-03,-1.40703516E-03
+354.00E-09,-1.00502511E-03,-1.40703516E-03
+355.00E-09,-1.00502511E-03,-1.20603014E-03
+356.00E-09,-1.00502511E-03,-1.00502511E-03
+357.00E-09,-804.02009E-06,-1.00502511E-03
+358.00E-09,-804.02009E-06,-1.00502511E-03
+359.00E-09,-804.02009E-06,-1.00502511E-03
+360.00E-09,-804.02009E-06,-1.00502511E-03
+361.00E-09,-804.02009E-06,-1.20603014E-03
+362.00E-09,-804.02009E-06,-1.20603014E-03
+363.00E-09,-804.02009E-06,-1.40703516E-03
+364.00E-09,-804.02009E-06,-1.60804018E-03
+365.00E-09,-804.02009E-06,-1.80904521E-03
+366.00E-09,-1.00502511E-03,-1.80904521E-03
+367.00E-09,-1.00502511E-03,-2.01005023E-03
+368.00E-09,-1.00502511E-03,-2.01005023E-03
+369.00E-09,-1.00502511E-03,-2.01005023E-03
+370.00E-09,-1.00502511E-03,-2.01005023E-03
+371.00E-09,-804.02009E-06,-2.01005023E-03
+372.00E-09,-804.02009E-06,-2.01005023E-03
+373.00E-09,-804.02009E-06,-1.80904521E-03
+374.00E-09,-804.02009E-06,-1.80904521E-03
+375.00E-09,-804.02009E-06,-1.60804018E-03
+376.00E-09,-603.01507E-06,-1.60804018E-03
+377.00E-09,-603.01507E-06,-1.40703516E-03
+378.00E-09,-603.01507E-06,-1.20603014E-03
+379.00E-09,-603.01507E-06,-1.20603014E-03
+380.00E-09,-603.01507E-06,-1.00502511E-03
+381.00E-09,-603.01507E-06,-1.00502511E-03
+382.00E-09,-804.02009E-06,-804.02009E-06
+383.00E-09,-804.02009E-06,-804.02009E-06
+384.00E-09,-804.02009E-06,-1.00502511E-03
+385.00E-09,-804.02009E-06,-1.00502511E-03
+386.00E-09,-1.00502511E-03,-1.20603014E-03
+387.00E-09,-1.00502511E-03,-1.20603014E-03
+388.00E-09,-804.02009E-06,-1.40703516E-03
+389.00E-09,-804.02009E-06,-1.40703516E-03
+390.00E-09,-804.02009E-06,-1.60804018E-03
+391.00E-09,-603.01507E-06,-1.60804018E-03
+392.00E-09,-603.01507E-06,-1.60804018E-03
+393.00E-09,-603.01507E-06,-1.60804018E-03
+394.00E-09,-402.01005E-06,-1.60804018E-03
+395.00E-09,-402.01005E-06,-1.80904521E-03
+396.00E-09,-402.01005E-06,-1.60804018E-03
+397.00E-09,-402.01005E-06,-1.60804018E-03
+398.00E-09,-402.01005E-06,-1.60804018E-03
+399.00E-09,-603.01507E-06,-1.40703516E-03
+400.00E-09,-603.01507E-06,-1.40703516E-03
+401.00E-09,-603.01507E-06,-1.20603014E-03
+402.00E-09,-603.01507E-06,-1.20603014E-03
+403.00E-09,-603.01507E-06,-1.20603014E-03
+404.00E-09,-603.01507E-06,-1.00502511E-03
+405.00E-09,-603.01507E-06,-1.00502511E-03
+406.00E-09,-603.01507E-06,-1.00502511E-03
+407.00E-09,-603.01507E-06,-1.00502511E-03
+408.00E-09,-804.02009E-06,-1.00502511E-03
+409.00E-09,-804.02009E-06,-1.00502511E-03
+410.00E-09,-804.02009E-06,-1.00502511E-03
+411.00E-09,-804.02009E-06,-1.00502511E-03
+412.00E-09,-804.02009E-06,-1.00502511E-03
+413.00E-09,-804.02009E-06,-1.00502511E-03
+414.00E-09,-603.01507E-06,-1.00502511E-03
+415.00E-09,-603.01507E-06,-1.20603014E-03
+416.00E-09,-603.01507E-06,-1.20603014E-03
+417.00E-09,-603.01507E-06,-1.40703516E-03
+418.00E-09,-603.01507E-06,-1.40703516E-03
+419.00E-09,-603.01507E-06,-1.40703516E-03
+420.00E-09,-603.01507E-06,-1.40703516E-03
+421.00E-09,-603.01507E-06,-1.40703516E-03
+422.00E-09,-603.01507E-06,-1.40703516E-03
+423.00E-09,-603.01507E-06,-1.40703516E-03
+424.00E-09,-603.01507E-06,-1.20603014E-03
+425.00E-09,-603.01507E-06,-1.20603014E-03
+426.00E-09,-603.01507E-06,-1.00502511E-03
+427.00E-09,-603.01507E-06,-1.00502511E-03
+428.00E-09,-603.01507E-06,-804.02009E-06
+429.00E-09,-804.02009E-06,-804.02009E-06
+430.00E-09,-804.02009E-06,-603.01507E-06
+431.00E-09,-804.02009E-06,-603.01507E-06
+432.00E-09,-603.01507E-06,-804.02009E-06
+433.00E-09,-603.01507E-06,-804.02009E-06
+434.00E-09,-603.01507E-06,-804.02009E-06
+435.00E-09,-603.01507E-06,-1.00502511E-03
+436.00E-09,-603.01507E-06,-1.00502511E-03
+437.00E-09,-603.01507E-06,-1.00502511E-03
+438.00E-09,-603.01507E-06,-1.00502511E-03
+439.00E-09,-603.01507E-06,-1.00502511E-03
+440.00E-09,-603.01507E-06,-1.20603014E-03
+441.00E-09,-603.01507E-06,-1.20603014E-03
+442.00E-09,-603.01507E-06,-1.20603014E-03
+443.00E-09,-603.01507E-06,-1.40703516E-03
+444.00E-09,-804.02009E-06,-1.40703516E-03
+445.00E-09,-603.01507E-06,-1.40703516E-03
+446.00E-09,-603.01507E-06,-1.40703516E-03
+447.00E-09,-603.01507E-06,-1.40703516E-03
+448.00E-09,-603.01507E-06,-1.40703516E-03
+449.00E-09,-804.02009E-06,-1.40703516E-03
+450.00E-09,-804.02009E-06,-1.20603014E-03
+451.00E-09,-804.02009E-06,-1.20603014E-03
+452.00E-09,-804.02009E-06,-1.00502511E-03
+453.00E-09,-804.02009E-06,-1.00502511E-03
+454.00E-09,-804.02009E-06,-804.02009E-06
+455.00E-09,-804.02009E-06,-804.02009E-06
+456.00E-09,-804.02009E-06,-804.02009E-06
+457.00E-09,-804.02009E-06,-804.02009E-06
+458.00E-09,-603.01507E-06,-804.02009E-06
+459.00E-09,-603.01507E-06,-804.02009E-06
+460.00E-09,-603.01507E-06,-1.00502511E-03
+461.00E-09,-603.01507E-06,-1.00502511E-03
+462.00E-09,-804.02009E-06,-1.00502511E-03
+463.00E-09,-804.02009E-06,-1.00502511E-03
+464.00E-09,-804.02009E-06,-1.20603014E-03
+465.00E-09,-804.02009E-06,-1.20603014E-03
+466.00E-09,-804.02009E-06,-1.20603014E-03
+467.00E-09,-603.01507E-06,-1.20603014E-03
+468.00E-09,-603.01507E-06,-1.20603014E-03
+469.00E-09,-603.01507E-06,-1.20603014E-03
+470.00E-09,-603.01507E-06,-1.20603014E-03
+471.00E-09,-603.01507E-06,-1.20603014E-03
+472.00E-09,-603.01507E-06,-1.00502511E-03
+473.00E-09,-603.01507E-06,-1.00502511E-03
+474.00E-09,-804.02009E-06,-804.02009E-06
+475.00E-09,-804.02009E-06,-804.02009E-06
+476.00E-09,-804.02009E-06,-804.02009E-06
+477.00E-09,-804.02009E-06,-603.01507E-06
+478.00E-09,-603.01507E-06,-603.01507E-06
+479.00E-09,-603.01507E-06,-603.01507E-06
+480.00E-09,-603.01507E-06,-603.01507E-06
+481.00E-09,-603.01507E-06,-603.01507E-06
+482.00E-09,-603.01507E-06,-603.01507E-06
+483.00E-09,-603.01507E-06,-603.01507E-06
+484.00E-09,-603.01507E-06,-603.01507E-06
+485.00E-09,-804.02009E-06,-603.01507E-06
+486.00E-09,-804.02009E-06,-804.02009E-06
+487.00E-09,-804.02009E-06,-804.02009E-06
+488.00E-09,-804.02009E-06,-804.02009E-06
+489.00E-09,-804.02009E-06,-1.00502511E-03
+490.00E-09,-804.02009E-06,-1.00502511E-03
+491.00E-09,-804.02009E-06,-1.00502511E-03
+492.00E-09,-804.02009E-06,-1.00502511E-03
+493.00E-09,-804.02009E-06,-1.00502511E-03
+494.00E-09,-804.02009E-06,-1.00502511E-03
+495.00E-09,-804.02009E-06,-1.00502511E-03
+496.00E-09,-804.02009E-06,-1.00502511E-03
+497.00E-09,-804.02009E-06,-1.00502511E-03
+498.00E-09,-603.01507E-06,-804.02009E-06
+499.00E-09,-603.01507E-06,-804.02009E-06
+500.00E-09,-603.01507E-06,-804.02009E-06
+501.00E-09,-603.01507E-06,-603.01507E-06
+502.00E-09,-603.01507E-06,-603.01507E-06
+503.00E-09,-402.01005E-06,-603.01507E-06
+504.00E-09,-603.01507E-06,-603.01507E-06
+505.00E-09,-603.01507E-06,-603.01507E-06
+506.00E-09,-603.01507E-06,-603.01507E-06
+507.00E-09,-603.01507E-06,-603.01507E-06
+508.00E-09,-603.01507E-06,-603.01507E-06
+509.00E-09,-603.01507E-06,-603.01507E-06
+510.00E-09,-603.01507E-06,-804.02009E-06
+511.00E-09,-603.01507E-06,-804.02009E-06
+512.00E-09,-603.01507E-06,-804.02009E-06
+513.00E-09,-603.01507E-06,-1.00502511E-03
+514.00E-09,-402.01005E-06,-1.00502511E-03
+515.00E-09,-402.01005E-06,-1.00502511E-03
+516.00E-09,-402.01005E-06,-804.02009E-06
+517.00E-09,-402.01005E-06,-804.02009E-06
+518.00E-09,-402.01005E-06,-804.02009E-06
+519.00E-09,-402.01005E-06,-804.02009E-06
+520.00E-09,-402.01005E-06,-804.02009E-06
+521.00E-09,-603.01507E-06,-804.02009E-06
+522.00E-09,-402.01005E-06,-804.02009E-06
+523.00E-09,-402.01005E-06,-804.02009E-06
+524.00E-09,-402.01005E-06,-603.01507E-06
+525.00E-09,-402.01005E-06,-603.01507E-06
+526.00E-09,-402.01005E-06,-603.01507E-06
+527.00E-09,-402.01005E-06,-603.01507E-06
+528.00E-09,-402.01005E-06,-603.01507E-06
+529.00E-09,-402.01005E-06,-603.01507E-06
+530.00E-09,-402.01005E-06,-603.01507E-06
+531.00E-09,-402.01005E-06,-603.01507E-06
+532.00E-09,-402.01005E-06,-603.01507E-06
+533.00E-09,-402.01005E-06,-603.01507E-06
+534.00E-09,-402.01005E-06,-603.01507E-06
+535.00E-09,-402.01005E-06,-804.02009E-06
+536.00E-09,-402.01005E-06,-804.02009E-06
+537.00E-09,-603.01507E-06,-1.00502511E-03
+538.00E-09,-603.01507E-06,-1.00502511E-03
+539.00E-09,-603.01507E-06,-1.00502511E-03
+540.00E-09,-603.01507E-06,-1.00502511E-03
+541.00E-09,-603.01507E-06,-804.02009E-06
+542.00E-09,-603.01507E-06,-804.02009E-06
+543.00E-09,-603.01507E-06,-804.02009E-06
+544.00E-09,-603.01507E-06,-804.02009E-06
+545.00E-09,-603.01507E-06,-603.01507E-06
+546.00E-09,-603.01507E-06,-603.01507E-06
+547.00E-09,-603.01507E-06,-402.01005E-06
+548.00E-09,-603.01507E-06,-402.01005E-06
+549.00E-09,-603.01507E-06,-402.01005E-06
+550.00E-09,-603.01507E-06,-402.01005E-06
+551.00E-09,-603.01507E-06,-402.01005E-06
+552.00E-09,-603.01507E-06,-402.01005E-06
+553.00E-09,-603.01507E-06,-402.01005E-06
+554.00E-09,-603.01507E-06,-402.01005E-06
+555.00E-09,-603.01507E-06,-603.01507E-06
+556.00E-09,-603.01507E-06,-603.01507E-06
+557.00E-09,-603.01507E-06,-603.01507E-06
+558.00E-09,-603.01507E-06,-603.01507E-06
+559.00E-09,-402.01005E-06,-603.01507E-06
+560.00E-09,-402.01005E-06,-603.01507E-06
+561.00E-09,-402.01005E-06,-603.01507E-06
+562.00E-09,-402.01005E-06,-603.01507E-06
+563.00E-09,-402.01005E-06,-603.01507E-06
+564.00E-09,-402.01005E-06,-603.01507E-06
+565.00E-09,-402.01005E-06,-603.01507E-06
+566.00E-09,-402.01005E-06,-603.01507E-06
+567.00E-09,-402.01005E-06,-804.02009E-06
+568.00E-09,-402.01005E-06,-804.02009E-06
+569.00E-09,-402.01005E-06,-804.02009E-06
+570.00E-09,-402.01005E-06,-804.02009E-06
+571.00E-09,-402.01005E-06,-804.02009E-06
+572.00E-09,-402.01005E-06,-603.01507E-06
+573.00E-09,-402.01005E-06,-603.01507E-06
+574.00E-09,-402.01005E-06,-402.01005E-06
+575.00E-09,-402.01005E-06,-402.01005E-06
+576.00E-09,-402.01005E-06,-201.00502E-06
+577.00E-09,-603.01507E-06,-201.00502E-06
+578.00E-09,-402.01005E-06,-201.00502E-06
+579.00E-09,-402.01005E-06,-201.00502E-06
+580.00E-09,-402.01005E-06,-201.00502E-06
+581.00E-09,-402.01005E-06,-201.00502E-06
+582.00E-09,-402.01005E-06,-201.00502E-06
+583.00E-09,-603.01507E-06,-201.00502E-06
+584.00E-09,-603.01507E-06,-201.00502E-06
+585.00E-09,-603.01507E-06,-201.00502E-06
+586.00E-09,-603.01507E-06,-201.00502E-06
+587.00E-09,-603.01507E-06,-402.01005E-06
+588.00E-09,-603.01507E-06,-402.01005E-06
+589.00E-09,-603.01507E-06,-402.01005E-06
+590.00E-09,-603.01507E-06,-402.01005E-06
+591.00E-09,-603.01507E-06,-402.01005E-06
+592.00E-09,-603.01507E-06,-402.01005E-06
+593.00E-09,-603.01507E-06,-402.01005E-06
+594.00E-09,-603.01507E-06,-402.01005E-06
+595.00E-09,-603.01507E-06,-402.01005E-06
+596.00E-09,-603.01507E-06,-402.01005E-06
+597.00E-09,-603.01507E-06,-402.01005E-06
+598.00E-09,-603.01507E-06,-201.00502E-06
+599.00E-09,-603.01507E-06,-201.00502E-06
+600.00E-09,-603.01507E-06,-201.00502E-06
+601.00E-09,-603.01507E-06,-201.00502E-06
+602.00E-09,-603.01507E-06,-201.00502E-06
+603.00E-09,-402.01005E-06,-0.0E+00
+604.00E-09,-402.01005E-06,-201.00502E-06
+605.00E-09,-402.01005E-06,-201.00502E-06
+606.00E-09,-402.01005E-06,-201.00502E-06
+607.00E-09,-402.01005E-06,-201.00502E-06
+608.00E-09,-402.01005E-06,-201.00502E-06
+609.00E-09,-402.01005E-06,-201.00502E-06
+610.00E-09,-402.01005E-06,-201.00502E-06
+611.00E-09,-402.01005E-06,-201.00502E-06
+612.00E-09,-201.00502E-06,-201.00502E-06
+613.00E-09,-201.00502E-06,-0.0E+00
+614.00E-09,-201.00502E-06,+0.0E+00
+615.00E-09,-201.00502E-06,+201.00502E-06
+616.00E-09,-201.00502E-06,+201.00502E-06
+617.00E-09,-402.01005E-06,+201.00502E-06
+618.00E-09,-603.01507E-06,+0.0E+00
+619.00E-09,-603.01507E-06,-402.01005E-06
+620.00E-09,-603.01507E-06,-804.02009E-06
+621.00E-09,-603.01507E-06,-1.00502511E-03
+622.00E-09,-603.01507E-06,-1.00502511E-03
+623.00E-09,-402.01005E-06,-804.02009E-06
+624.00E-09,-402.01005E-06,-603.01507E-06
+625.00E-09,-201.00502E-06,-201.00502E-06
+626.00E-09,-201.00502E-06,+201.00502E-06
+627.00E-09,-201.00502E-06,+402.01005E-06
+628.00E-09,-402.01005E-06,+402.01005E-06
+629.00E-09,-402.01005E-06,+201.00502E-06
+630.00E-09,-402.01005E-06,+0.0E+00
+631.00E-09,-402.01005E-06,-201.00502E-06
+632.00E-09,-402.01005E-06,-402.01005E-06
+633.00E-09,-402.01005E-06,-402.01005E-06
+634.00E-09,-402.01005E-06,-603.01507E-06
+635.00E-09,-402.01005E-06,-603.01507E-06
+636.00E-09,-402.01005E-06,-603.01507E-06
+637.00E-09,-402.01005E-06,-804.02009E-06
+638.00E-09,-402.01005E-06,-804.02009E-06
+639.00E-09,-402.01005E-06,-804.02009E-06
+640.00E-09,-402.01005E-06,-603.01507E-06
+641.00E-09,-402.01005E-06,-402.01005E-06
+642.00E-09,-201.00502E-06,-0.0E+00
+643.00E-09,-201.00502E-06,+201.00502E-06
+644.00E-09,-201.00502E-06,+201.00502E-06
+645.00E-09,-402.01005E-06,+0.0E+00
+646.00E-09,-402.01005E-06,-201.00502E-06
+647.00E-09,-402.01005E-06,-402.01005E-06
+648.00E-09,-402.01005E-06,-603.01507E-06
+649.00E-09,-402.01005E-06,-603.01507E-06
+650.00E-09,-402.01005E-06,-402.01005E-06
+651.00E-09,-402.01005E-06,-201.00502E-06
+652.00E-09,-402.01005E-06,-201.00502E-06
+653.00E-09,-402.01005E-06,-0.0E+00
+654.00E-09,-402.01005E-06,+0.0E+00
+655.00E-09,-402.01005E-06,+0.0E+00
+656.00E-09,-603.01507E-06,-201.00502E-06
+657.00E-09,-603.01507E-06,-201.00502E-06
+658.00E-09,-603.01507E-06,-402.01005E-06
+659.00E-09,-804.02009E-06,-201.00502E-06
+660.00E-09,-804.02009E-06,-201.00502E-06
+661.00E-09,-804.02009E-06,-201.00502E-06
+662.00E-09,-603.01507E-06,-201.00502E-06
+663.00E-09,-603.01507E-06,-201.00502E-06
+664.00E-09,-603.01507E-06,-402.01005E-06
+665.00E-09,-603.01507E-06,-603.01507E-06
+666.00E-09,-603.01507E-06,-603.01507E-06
+667.00E-09,-603.01507E-06,-804.02009E-06
+668.00E-09,-603.01507E-06,-804.02009E-06
+669.00E-09,-603.01507E-06,-804.02009E-06
+670.00E-09,-603.01507E-06,-804.02009E-06
+671.00E-09,-402.01005E-06,-804.02009E-06
+672.00E-09,-402.01005E-06,-804.02009E-06
+673.00E-09,-402.01005E-06,-804.02009E-06
+674.00E-09,-402.01005E-06,-804.02009E-06
+675.00E-09,-402.01005E-06,-603.01507E-06
+676.00E-09,-603.01507E-06,-603.01507E-06
+677.00E-09,-603.01507E-06,-603.01507E-06
+678.00E-09,-603.01507E-06,-402.01005E-06
+679.00E-09,-603.01507E-06,-402.01005E-06
+680.00E-09,-804.02009E-06,-402.01005E-06
+681.00E-09,-804.02009E-06,-603.01507E-06
+682.00E-09,-804.02009E-06,-603.01507E-06
+683.00E-09,-603.01507E-06,-804.02009E-06
+684.00E-09,-603.01507E-06,-804.02009E-06
+685.00E-09,-603.01507E-06,-804.02009E-06
+686.00E-09,-603.01507E-06,-804.02009E-06
+687.00E-09,-603.01507E-06,-804.02009E-06
+688.00E-09,-603.01507E-06,-603.01507E-06
+689.00E-09,-603.01507E-06,-402.01005E-06
+690.00E-09,-603.01507E-06,-402.01005E-06
+691.00E-09,-603.01507E-06,-402.01005E-06
+692.00E-09,-603.01507E-06,-402.01005E-06
+693.00E-09,-603.01507E-06,-603.01507E-06
+694.00E-09,-402.01005E-06,-603.01507E-06
+695.00E-09,-402.01005E-06,-804.02009E-06
+696.00E-09,-402.01005E-06,-804.02009E-06
+697.00E-09,-603.01507E-06,-804.02009E-06
+698.00E-09,-603.01507E-06,-804.02009E-06
+699.00E-09,-603.01507E-06,-603.01507E-06
+700.00E-09,-603.01507E-06,-603.01507E-06
+701.00E-09,-603.01507E-06,-603.01507E-06
+702.00E-09,-603.01507E-06,-603.01507E-06
+703.00E-09,-603.01507E-06,-603.01507E-06
+704.00E-09,-603.01507E-06,-603.01507E-06
+705.00E-09,-603.01507E-06,-402.01005E-06
+706.00E-09,-603.01507E-06,-402.01005E-06
+707.00E-09,-603.01507E-06,-402.01005E-06
+708.00E-09,-402.01005E-06,-402.01005E-06
+709.00E-09,-402.01005E-06,-603.01507E-06
+710.00E-09,-402.01005E-06,-804.02009E-06
+711.00E-09,-402.01005E-06,-804.02009E-06
+712.00E-09,-402.01005E-06,-1.00502511E-03
+713.00E-09,-402.01005E-06,-1.00502511E-03
+714.00E-09,-402.01005E-06,-804.02009E-06
+715.00E-09,-402.01005E-06,-804.02009E-06
+716.00E-09,-402.01005E-06,-603.01507E-06
+717.00E-09,-402.01005E-06,-603.01507E-06
+718.00E-09,-603.01507E-06,-603.01507E-06
+719.00E-09,-603.01507E-06,-603.01507E-06
+720.00E-09,-603.01507E-06,-603.01507E-06
+721.00E-09,-804.02009E-06,-603.01507E-06
+722.00E-09,-804.02009E-06,-402.01005E-06
+723.00E-09,-804.02009E-06,-402.01005E-06
+724.00E-09,-603.01507E-06,-201.00502E-06
+725.00E-09,-603.01507E-06,-201.00502E-06
+726.00E-09,-603.01507E-06,-201.00502E-06
+727.00E-09,-603.01507E-06,-201.00502E-06
+728.00E-09,-402.01005E-06,-201.00502E-06
+729.00E-09,-603.01507E-06,-402.01005E-06
+730.00E-09,-402.01005E-06,-402.01005E-06
+731.00E-09,-402.01005E-06,-603.01507E-06
+732.00E-09,-402.01005E-06,-603.01507E-06
+733.00E-09,-402.01005E-06,-402.01005E-06
+734.00E-09,-402.01005E-06,-402.01005E-06
+735.00E-09,-402.01005E-06,-402.01005E-06
+736.00E-09,-402.01005E-06,-402.01005E-06
+737.00E-09,-402.01005E-06,-201.00502E-06
+738.00E-09,-603.01507E-06,-201.00502E-06
+739.00E-09,-402.01005E-06,-201.00502E-06
+740.00E-09,-402.01005E-06,-201.00502E-06
+741.00E-09,-402.01005E-06,-201.00502E-06
+742.00E-09,-402.01005E-06,-201.00502E-06
+743.00E-09,-402.01005E-06,-201.00502E-06
+744.00E-09,-402.01005E-06,-201.00502E-06
+745.00E-09,-402.01005E-06,-402.01005E-06
+746.00E-09,-402.01005E-06,-402.01005E-06
+747.00E-09,-402.01005E-06,-603.01507E-06
+748.00E-09,-603.01507E-06,-804.02009E-06
+749.00E-09,-603.01507E-06,-804.02009E-06
+750.00E-09,-603.01507E-06,-603.01507E-06
+751.00E-09,-603.01507E-06,-603.01507E-06
+752.00E-09,-603.01507E-06,-603.01507E-06
+753.00E-09,-603.01507E-06,-402.01005E-06
+754.00E-09,-603.01507E-06,-402.01005E-06
+755.00E-09,-603.01507E-06,-402.01005E-06
+756.00E-09,-603.01507E-06,-402.01005E-06
+757.00E-09,-603.01507E-06,-402.01005E-06
+758.00E-09,-603.01507E-06,-402.01005E-06
+759.00E-09,-603.01507E-06,-402.01005E-06
+760.00E-09,-603.01507E-06,-402.01005E-06
+761.00E-09,-603.01507E-06,-402.01005E-06
+762.00E-09,-402.01005E-06,-201.00502E-06
+763.00E-09,-402.01005E-06,-201.00502E-06
+764.00E-09,-402.01005E-06,-201.00502E-06
+765.00E-09,-402.01005E-06,-201.00502E-06
+766.00E-09,-402.01005E-06,-201.00502E-06
+767.00E-09,-603.01507E-06,-201.00502E-06
+768.00E-09,-603.01507E-06,-201.00502E-06
+769.00E-09,-603.01507E-06,-201.00502E-06
+770.00E-09,-603.01507E-06,-201.00502E-06
+771.00E-09,-402.01005E-06,-201.00502E-06
+772.00E-09,-402.01005E-06,-0.0E+00
+773.00E-09,-402.01005E-06,-201.00502E-06
+774.00E-09,-402.01005E-06,-201.00502E-06
+775.00E-09,-402.01005E-06,-402.01005E-06
+776.00E-09,-402.01005E-06,-402.01005E-06
+777.00E-09,-402.01005E-06,-402.01005E-06
+778.00E-09,-402.01005E-06,-603.01507E-06
+779.00E-09,-402.01005E-06,-603.01507E-06
+780.00E-09,-402.01005E-06,-603.01507E-06
+781.00E-09,-201.00502E-06,-603.01507E-06
+782.00E-09,-201.00502E-06,-603.01507E-06
+783.00E-09,-201.00502E-06,-402.01005E-06
+784.00E-09,-402.01005E-06,-603.01507E-06
+785.00E-09,-402.01005E-06,-402.01005E-06
+786.00E-09,-402.01005E-06,-402.01005E-06
+787.00E-09,-603.01507E-06,-402.01005E-06
+788.00E-09,-603.01507E-06,-201.00502E-06
+789.00E-09,-603.01507E-06,-201.00502E-06
+790.00E-09,-603.01507E-06,-201.00502E-06
+791.00E-09,-603.01507E-06,-402.01005E-06
+792.00E-09,-402.01005E-06,-402.01005E-06
+793.00E-09,-402.01005E-06,-603.01507E-06
+794.00E-09,-402.01005E-06,-603.01507E-06
+795.00E-09,-402.01005E-06,-603.01507E-06
+796.00E-09,-402.01005E-06,-603.01507E-06
+797.00E-09,-402.01005E-06,-603.01507E-06
+798.00E-09,-603.01507E-06,-402.01005E-06
+799.00E-09,-603.01507E-06,-402.01005E-06
+800.00E-09,-603.01507E-06,-201.00502E-06
+801.00E-09,-603.01507E-06,-201.00502E-06
+802.00E-09,-603.01507E-06,-201.00502E-06
+803.00E-09,-603.01507E-06,-201.00502E-06
+804.00E-09,-603.01507E-06,-201.00502E-06
+805.00E-09,-402.01005E-06,-201.00502E-06
+806.00E-09,-603.01507E-06,-201.00502E-06
+807.00E-09,-603.01507E-06,-201.00502E-06
+808.00E-09,-603.01507E-06,-201.00502E-06
+809.00E-09,-603.01507E-06,-201.00502E-06
+810.00E-09,-603.01507E-06,-201.00502E-06
+811.00E-09,-603.01507E-06,-201.00502E-06
+812.00E-09,-603.01507E-06,-201.00502E-06
+813.00E-09,-603.01507E-06,-201.00502E-06
+814.00E-09,-603.01507E-06,-201.00502E-06
+815.00E-09,-603.01507E-06,-201.00502E-06
+816.00E-09,-603.01507E-06,-201.00502E-06
+817.00E-09,-603.01507E-06,-201.00502E-06
+818.00E-09,-804.02009E-06,-201.00502E-06
+819.00E-09,-804.02009E-06,-201.00502E-06
+820.00E-09,-804.02009E-06,-201.00502E-06
+821.00E-09,-804.02009E-06,-402.01005E-06
+822.00E-09,-603.01507E-06,-402.01005E-06
+823.00E-09,-603.01507E-06,-603.01507E-06
+824.00E-09,-603.01507E-06,-603.01507E-06
+825.00E-09,-603.01507E-06,-603.01507E-06
+826.00E-09,-402.01005E-06,-603.01507E-06
+827.00E-09,-402.01005E-06,-603.01507E-06
+828.00E-09,-402.01005E-06,-603.01507E-06
+829.00E-09,-603.01507E-06,-603.01507E-06
+830.00E-09,-603.01507E-06,-603.01507E-06
+831.00E-09,-603.01507E-06,-603.01507E-06
+832.00E-09,-603.01507E-06,-603.01507E-06
+833.00E-09,-603.01507E-06,-402.01005E-06
+834.00E-09,-603.01507E-06,-402.01005E-06
+835.00E-09,-603.01507E-06,-402.01005E-06
+836.00E-09,-402.01005E-06,-402.01005E-06
+837.00E-09,-402.01005E-06,-201.00502E-06
+838.00E-09,-402.01005E-06,-201.00502E-06
+839.00E-09,-201.00502E-06,-402.01005E-06
+840.00E-09,-201.00502E-06,-402.01005E-06
+841.00E-09,-402.01005E-06,-402.01005E-06
+842.00E-09,-402.01005E-06,-402.01005E-06
+843.00E-09,-402.01005E-06,-402.01005E-06
+844.00E-09,-603.01507E-06,-402.01005E-06
+845.00E-09,-603.01507E-06,-201.00502E-06
+846.00E-09,-402.01005E-06,-201.00502E-06
+847.00E-09,-402.01005E-06,-201.00502E-06
+848.00E-09,-402.01005E-06,-201.00502E-06
+849.00E-09,-402.01005E-06,-201.00502E-06
+850.00E-09,-402.01005E-06,-201.00502E-06
+851.00E-09,-201.00502E-06,-0.0E+00
+852.00E-09,-201.00502E-06,+0.0E+00
+853.00E-09,-201.00502E-06,+0.0E+00
+854.00E-09,-201.00502E-06,-201.00502E-06
+855.00E-09,-201.00502E-06,-201.00502E-06
+856.00E-09,-201.00502E-06,-201.00502E-06
+857.00E-09,-201.00502E-06,-201.00502E-06
+858.00E-09,-201.00502E-06,-201.00502E-06
+859.00E-09,-402.01005E-06,-402.01005E-06
+860.00E-09,-402.01005E-06,-402.01005E-06
+861.00E-09,-603.01507E-06,-402.01005E-06
+862.00E-09,-603.01507E-06,-201.00502E-06
+863.00E-09,-402.01005E-06,-201.00502E-06
+864.00E-09,-402.01005E-06,-201.00502E-06
+865.00E-09,-402.01005E-06,-201.00502E-06
+866.00E-09,-402.01005E-06,-201.00502E-06
+867.00E-09,-402.01005E-06,-201.00502E-06
+868.00E-09,-201.00502E-06,-402.01005E-06
+869.00E-09,-201.00502E-06,-402.01005E-06
+870.00E-09,-201.00502E-06,-402.01005E-06
+871.00E-09,-201.00502E-06,-402.01005E-06
+872.00E-09,-201.00502E-06,-402.01005E-06
+873.00E-09,-201.00502E-06,-402.01005E-06
+874.00E-09,-402.01005E-06,-201.00502E-06
+875.00E-09,-402.01005E-06,-201.00502E-06
+876.00E-09,-402.01005E-06,-201.00502E-06
+877.00E-09,-402.01005E-06,-0.0E+00
+878.00E-09,-402.01005E-06,+0.0E+00
+879.00E-09,-402.01005E-06,+0.0E+00
+880.00E-09,-402.01005E-06,+0.0E+00
+881.00E-09,-402.01005E-06,+0.0E+00
+882.00E-09,-402.01005E-06,+0.0E+00
+883.00E-09,-402.01005E-06,+0.0E+00
+884.00E-09,-402.01005E-06,+0.0E+00
+885.00E-09,-201.00502E-06,+0.0E+00
+886.00E-09,-201.00502E-06,+0.0E+00
+887.00E-09,-201.00502E-06,+0.0E+00
+888.00E-09,-201.00502E-06,+0.0E+00
+889.00E-09,-201.00502E-06,+0.0E+00
+890.00E-09,-402.01005E-06,+0.0E+00
+891.00E-09,-402.01005E-06,+0.0E+00
+892.00E-09,-402.01005E-06,-201.00502E-06
+893.00E-09,-402.01005E-06,-201.00502E-06
+894.00E-09,-603.01507E-06,-201.00502E-06
+895.00E-09,-603.01507E-06,-201.00502E-06
+896.00E-09,-603.01507E-06,-201.00502E-06
+897.00E-09,-603.01507E-06,-201.00502E-06
+898.00E-09,-603.01507E-06,-201.00502E-06
+899.00E-09,-402.01005E-06,-201.00502E-06
+900.00E-09,-402.01005E-06,-201.00502E-06
+901.00E-09,-402.01005E-06,-201.00502E-06
+902.00E-09,-201.00502E-06,-402.01005E-06
+903.00E-09,-201.00502E-06,-402.01005E-06
+904.00E-09,-201.00502E-06,-402.01005E-06
+905.00E-09,-201.00502E-06,-402.01005E-06
+906.00E-09,-201.00502E-06,-402.01005E-06
+907.00E-09,-201.00502E-06,-402.01005E-06
+908.00E-09,-201.00502E-06,-402.01005E-06
+909.00E-09,-201.00502E-06,-201.00502E-06
+910.00E-09,-201.00502E-06,-201.00502E-06
+911.00E-09,-201.00502E-06,-201.00502E-06
+912.00E-09,-201.00502E-06,-201.00502E-06
+913.00E-09,-201.00502E-06,-201.00502E-06
+914.00E-09,-201.00502E-06,-201.00502E-06
+915.00E-09,-201.00502E-06,-201.00502E-06
+916.00E-09,-201.00502E-06,-201.00502E-06
+917.00E-09,-402.01005E-06,-201.00502E-06
+918.00E-09,-402.01005E-06,-201.00502E-06
+919.00E-09,-402.01005E-06,-201.00502E-06
+920.00E-09,-402.01005E-06,-201.00502E-06
+921.00E-09,-402.01005E-06,-201.00502E-06
+922.00E-09,-402.01005E-06,-201.00502E-06
+923.00E-09,-402.01005E-06,-201.00502E-06
+924.00E-09,-402.01005E-06,-0.0E+00
+925.00E-09,-201.00502E-06,+0.0E+00
+926.00E-09,-201.00502E-06,+0.0E+00
+927.00E-09,-201.00502E-06,+0.0E+00
+928.00E-09,-201.00502E-06,+0.0E+00
+929.00E-09,-201.00502E-06,+0.0E+00
+930.00E-09,-402.01005E-06,-201.00502E-06
+931.00E-09,-402.01005E-06,-201.00502E-06
+932.00E-09,-402.01005E-06,-201.00502E-06
+933.00E-09,-402.01005E-06,-201.00502E-06
+934.00E-09,-603.01507E-06,-201.00502E-06
+935.00E-09,-603.01507E-06,-201.00502E-06
+936.00E-09,-603.01507E-06,-201.00502E-06
+937.00E-09,-603.01507E-06,-201.00502E-06
+938.00E-09,-603.01507E-06,-201.00502E-06
+939.00E-09,-603.01507E-06,-201.00502E-06
+940.00E-09,-603.01507E-06,-201.00502E-06
+941.00E-09,-603.01507E-06,-402.01005E-06
+942.00E-09,-402.01005E-06,-402.01005E-06
+943.00E-09,-402.01005E-06,-402.01005E-06
+944.00E-09,-402.01005E-06,-402.01005E-06
+945.00E-09,-603.01507E-06,-402.01005E-06
+946.00E-09,-402.01005E-06,-402.01005E-06
+947.00E-09,-402.01005E-06,-402.01005E-06
+948.00E-09,-402.01005E-06,-402.01005E-06
+949.00E-09,-402.01005E-06,-402.01005E-06
+950.00E-09,-402.01005E-06,-402.01005E-06
+951.00E-09,-402.01005E-06,-402.01005E-06
+952.00E-09,-402.01005E-06,-402.01005E-06
+953.00E-09,-402.01005E-06,-402.01005E-06
+954.00E-09,-402.01005E-06,-402.01005E-06
+955.00E-09,-402.01005E-06,-402.01005E-06
+956.00E-09,-402.01005E-06,-201.00502E-06
+957.00E-09,-402.01005E-06,-201.00502E-06
+958.00E-09,-402.01005E-06,-201.00502E-06
+959.00E-09,-402.01005E-06,-201.00502E-06
+960.00E-09,-402.01005E-06,-201.00502E-06
+961.00E-09,-402.01005E-06,-201.00502E-06
+962.00E-09,-402.01005E-06,-201.00502E-06
+963.00E-09,-402.01005E-06,-402.01005E-06
+964.00E-09,-402.01005E-06,-201.00502E-06
+965.00E-09,-402.01005E-06,-201.00502E-06
+966.00E-09,-402.01005E-06,-201.00502E-06
+967.00E-09,-402.01005E-06,-201.00502E-06
+968.00E-09,-402.01005E-06,-201.00502E-06
+969.00E-09,-402.01005E-06,-201.00502E-06
+970.00E-09,-402.01005E-06,-201.00502E-06
+971.00E-09,-402.01005E-06,-201.00502E-06
+972.00E-09,-402.01005E-06,-201.00502E-06
+973.00E-09,-402.01005E-06,-201.00502E-06
+974.00E-09,-402.01005E-06,-201.00502E-06
+975.00E-09,-402.01005E-06,-201.00502E-06
+976.00E-09,-402.01005E-06,-201.00502E-06
+977.00E-09,-402.01005E-06,-402.01005E-06
+978.00E-09,-402.01005E-06,-402.01005E-06
+979.00E-09,-402.01005E-06,-402.01005E-06
+980.00E-09,-402.01005E-06,-402.01005E-06
+981.00E-09,-402.01005E-06,-402.01005E-06
+982.00E-09,-402.01005E-06,-402.01005E-06
+983.00E-09,-402.01005E-06,-402.01005E-06
+984.00E-09,-402.01005E-06,-402.01005E-06
+985.00E-09,-402.01005E-06,-402.01005E-06
+986.00E-09,-402.01005E-06,-201.00502E-06
+987.00E-09,-402.01005E-06,-201.00502E-06
+988.00E-09,-402.01005E-06,-201.00502E-06
+989.00E-09,-402.01005E-06,-201.00502E-06
+990.00E-09,-402.01005E-06,-201.00502E-06
+991.00E-09,-402.01005E-06,-201.00502E-06
+992.00E-09,-402.01005E-06,-201.00502E-06
+993.00E-09,-402.01005E-06,-0.0E+00
+994.00E-09,-402.01005E-06,+0.0E+00
+995.00E-09,-402.01005E-06,+0.0E+00
+996.00E-09,-402.01005E-06,+0.0E+00
+997.00E-09,-402.01005E-06,-201.00502E-06
+998.00E-09,-201.00502E-06,-201.00502E-06
+999.00E-09,-201.00502E-06,-201.00502E-06
